date,store_id,median,mean
2023-06-21,5,2.45,4.981195744680851
2023-06-24,5,2.35,4.000856777493606
2023-06-25,6,2.0,2.418742603550296
2023-06-26,5,2.35,4.044562937062937
2023-06-26,6,2.0,2.4092815249266866
2023-06-27,5,2.45,4.510234567901235
2023-06-27,6,2.0,2.410690161527166
2023-06-28,6,2.0,2.4136803519061587
2023-06-29,5,2.45,4.401210889882162
2023-06-30,6,2.0,2.41437134502924
2023-07-01,5,2.45,4.4338834555827225
2023-07-01,6,2.0,2.413221083455344
2023-07-02,5,2.4,4.4899116820554
2023-07-02,6,2.0,2.410616740088106
2023-07-03,6,2.5,2.870893203883495
2023-07-04,6,2.5,2.8545697896749522
2023-07-05,5,2.5,4.83562898089172
2023-07-05,6,3.0,5.0360691489361695
2023-07-06,5,2.5,4.793318548387097
2023-07-06,6,3.0,5.040095592140202
2023-07-07,5,2.5,4.839601288763593
2023-07-07,6,3.0,5.045135566188198
2023-07-08,6,3.0,5.100862998921252
2023-07-09,6,2.95,5.063001101321586
2023-07-10,3,2.35,4.891766759776536
2023-07-10,5,2.5,4.8556199351701785
2023-07-10,6,3.0,5.0426229508196725
2023-07-11,3,2.49,4.893209832561453
2023-07-11,5,2.5,4.8757142857142854
2023-07-11,6,3.0,5.049422669491525
2023-07-12,6,3.0,5.047200211304808
2023-07-13,3,2.4,4.702673267326733
2023-07-13,5,2.5,4.762524
2023-07-13,6,2.75,4.7822680412371135
2023-07-14,3,2.49,4.863345107735782
2023-07-14,5,2.49,4.768029635562676
2023-07-14,6,2.75,4.785722647456101
2023-07-15,3,2.47,4.458540478905359
2023-07-15,5,2.49,4.762336742722266
2023-07-15,6,2.75,4.779091316025067
2023-07-16,3,2.49,5.029486040609137
2023-07-16,5,2.49,4.684756735022115
2023-07-16,6,2.75,4.777636526410027
2023-07-17,3,2.49,5.030961904761905
2023-07-17,5,2.5,4.78875645609853
2023-07-17,6,2.75,4.781864634692963
2023-07-18,3,2.49,5.0348141086749285
2023-07-18,5,2.45,4.490711569799022
2023-07-18,6,2.75,4.80688919164396
2023-07-19,3,2.49,5.02904170646291
2023-07-19,5,2.5,4.831996792301523
2023-07-19,6,2.75,4.7742908117752005
2023-07-20,3,2.49,5.030117871933737
2023-07-20,5,2.5,4.77547859922179
2023-07-20,6,2.75,4.782094685127289
2023-07-21,3,2.49,5.0278195728402935
2023-07-21,5,2.5,4.75873489121676
2023-07-21,6,2.75,4.789642697632872
2023-07-22,2,2.425,5.582943686006826
2023-07-22,3,2.49,5.026430395913155
2023-07-22,5,2.5,4.714893617021277
2023-07-22,6,2.75,4.7771056179775275
2023-07-23,2,2.4,5.580059676044331
2023-07-23,3,2.49,5.027571884984026
2023-07-23,5,2.5,4.753590872698158
2023-07-23,6,2.75,4.773029897367247
2023-07-24,2,2.4,5.504523612261806
2023-07-24,3,2.49,5.056838235294118
2023-07-24,5,2.45,4.420500201694232
2023-07-24,6,2.75,4.761036176864671
2023-07-25,2,2.4,5.5046478873239435
2023-07-25,3,2.49,5.065863723608445
2023-07-25,5,2.45,4.56965867533523
2023-07-25,6,2.75,4.575098658247829
2023-07-26,2,2.4,5.509593360995851
2023-07-26,3,2.49,5.077008327994875
2023-07-26,5,2.47,4.498620550161812
2023-07-26,6,2.75,4.572979976442873
2023-07-27,2,2.4,5.514572614107884
2023-07-27,3,2.49,5.078919871794872
2023-07-27,5,2.45,4.373820179007323
2023-07-27,6,2.75,4.574077860794337
2023-07-28,2,2.4,5.513784232365145
2023-07-28,3,2.49,5.0682969852469535
2023-07-28,4,1.49,2.285
2023-07-28,5,2.49,4.554355034371209
2023-07-28,6,2.75,4.586650887573964
2023-07-29,2,2.4,5.513784232365145
2023-07-29,3,2.49,5.06946405648267
2023-07-29,4,1.49,2.2729716312056736
2023-07-29,5,2.45,4.488593812776216
2023-07-29,6,2.75,4.592701421800948
2023-07-30,2,2.4,5.513784232365145
2023-07-30,3,2.49,5.06946405648267
2023-07-30,4,1.49,2.2850490196078432
2023-07-30,5,2.5,4.5424221593206635
2023-07-30,6,2.75,4.581525423728814
2023-07-31,2,2.4,5.514572614107884
2023-07-31,3,2.49,5.081214262769033
2023-07-31,4,1.49,2.255140056022409
2023-07-31,5,2.5,4.858983386075949
2023-07-31,6,2.75,4.581730239874164
2023-08-01,2,2.4,5.5166611295681065
2023-08-01,3,2.49,5.083603342976535
2023-08-01,4,1.49,2.2805944798301487
2023-08-01,5,2.5,4.853559253246753
2023-08-01,6,2.75,4.622751704773366
2023-08-02,2,2.45,5.468622406639005
2023-08-02,3,2.49,5.089983912483913
2023-08-02,4,1.49,2.2889895470383275
2023-08-02,5,2.5,4.881856167135396
2023-08-02,6,2.8,4.6058925068654375
2023-08-03,2,2.45,5.468871369294606
2023-08-03,3,2.49,5.092398583386993
2023-08-03,4,1.49,2.283665254237288
2023-08-03,5,2.5,4.877228434504793
2023-08-03,6,2.75,4.564877276326207
2023-08-04,3,2.49,5.094674613402062
2023-08-04,4,1.49,2.3327713310580207
2023-08-04,5,2.5,4.882635566188197
2023-08-04,6,2.75,4.60063311049941
2023-08-05,2,2.425,5.33
2023-08-05,3,2.49,5.092065848934796
2023-08-05,4,1.49,2.311773533424284
2023-08-05,5,2.5,4.800486139011651
2023-08-05,6,2.75,4.593605788032852
2023-08-06,2,2.425,5.33
2023-08-06,3,2.49,5.091156330749354
2023-08-06,4,1.49,2.33304469273743
2023-08-06,5,2.5,4.717061876247505
2023-08-06,6,2.75,4.588321596244131
2023-08-07,2,2.425,5.33355
2023-08-07,3,2.49,5.090843568196509
2023-08-07,4,1.49,2.3204198210598763
2023-08-07,5,2.5,4.791244497799119
2023-08-07,6,2.8,4.611654135338346
2023-08-08,1,2.45,4.516793602437167
2023-08-08,2,2.4,5.335704753961635
2023-08-08,3,2.49,5.096102846054333
2023-08-08,4,1.49,2.269699720670391
2023-08-08,5,2.5,4.805682272909164
2023-08-08,6,2.75,4.588778864970646
2023-08-09,2,2.45,5.077258200168209
2023-08-09,3,2.49,5.115032383419689
2023-08-09,4,1.49,2.2613927576601673
2023-08-09,5,2.5,4.786638452237001
2023-08-09,6,2.75,4.60383984375
2023-08-10,1,2.45,4.664548596112311
2023-08-10,2,2.45,5.081616161616162
2023-08-10,3,2.49,5.136845180136319
2023-08-10,4,1.49,2.2732016348773842
2023-08-10,5,2.5,4.795286343612335
2023-08-10,6,2.75,4.583140364789849
2023-08-11,1,2.45,4.653838599487618
2023-08-11,2,2.45,5.081616161616162
2023-08-11,3,2.49,5.137010710808179
2023-08-11,4,1.49,2.283114982578397
2023-08-11,5,2.5,4.941410871302957
2023-08-11,6,2.75,4.564757551669317
2023-08-12,1,2.45,4.676959165942659
2023-08-12,2,2.4,5.108648417450813
2023-08-12,3,2.49,5.137010710808179
2023-08-12,4,1.49,2.292901878914405
2023-08-12,5,2.5,4.911577274533174
2023-08-12,6,2.75,4.571373087485289
2023-08-12,7,2.5,3.801572535991141
2023-08-13,1,2.45,4.627476475620188
2023-08-13,2,2.45,5.115293617021277
2023-08-13,3,2.49,5.138223449171809
2023-08-13,4,1.49,2.291220338983051
2023-08-13,5,2.49,4.9922616502778965
2023-08-13,6,2.75,4.58031360250882
2023-08-13,7,2.5,3.8000221361372444
2023-08-14,1,2.39,4.70715559518502
2023-08-14,2,2.45,5.082081563296517
2023-08-14,3,2.49,5.145406107862248
2023-08-14,4,1.49,2.275662319835278
2023-08-14,5,2.5,4.797520559210526
2023-08-14,6,2.75,4.583985876814437
2023-08-14,7,2.5,3.8037037037037034
2023-08-15,1,2.35,4.745293582157488
2023-08-15,2,2.45,5.097049873203719
2023-08-15,3,2.49,5.1451461988304095
2023-08-15,4,1.49,2.2694398907103825
2023-08-15,5,2.5,4.9046939602756385
2023-08-15,6,2.75,4.534167987321712
2023-08-16,1,2.45,4.595902255639098
2023-08-16,2,2.4,5.160035523978685
2023-08-16,3,2.49,5.147590243902439
2023-08-16,4,1.49,2.27356705241661
2023-08-16,5,2.5,4.854985881403792
2023-08-16,6,2.75,4.5812332015810275
2023-08-16,7,2.5,3.8139867476532303
2023-08-17,1,2.45,4.595469336670838
2023-08-17,2,2.45,5.100643522438611
2023-08-17,3,2.49,5.14882525219655
2023-08-17,4,1.49,2.2779810298102983
2023-08-17,5,2.5,4.818941129988147
2023-08-17,6,2.6,4.9150616591928245
2023-08-17,7,2.5,3.8139867476532303
2023-08-18,1,2.45,4.622129357412852
2023-08-18,2,2.45,5.100643522438611
2023-08-18,3,2.49,5.151364820846906
2023-08-18,4,1.49,2.280217983651226
2023-08-18,5,2.5,4.860286174929464
2023-08-18,6,2.6,4.901713562183455
2023-08-18,7,2.5,3.815992260917634
2023-08-19,1,2.45,4.611102362204725
2023-08-19,2,2.45,5.100643522438611
2023-08-19,3,2.49,5.151842191066189
2023-08-19,4,1.49,2.2963793103448276
2023-08-19,5,2.5,4.715921696574226
2023-08-19,6,2.6,4.869305477131564
2023-08-19,7,2.5,3.8180022136137244
2023-08-20,1,2.4,4.643150276713495
2023-08-20,2,2.45,5.100643522438611
2023-08-20,3,2.49,5.151842191066189
2023-08-20,4,1.49,2.322394557823129
2023-08-20,5,2.5,4.733233483791547
2023-08-20,6,2.6,4.870567636260943
2023-08-20,7,2.5,3.8176620498614957
2023-08-21,1,2.45,4.601296219360199
2023-08-21,2,2.45,5.098343195266272
2023-08-21,3,2.49,5.132197909862835
2023-08-21,4,1.49,2.3130352303523036
2023-08-21,5,2.5,4.776611736334406
2023-08-21,6,2.6,4.868416149068323
2023-08-21,7,2.5,3.8189467849223946
2023-08-22,1,2.45,4.62728743260058
2023-08-22,2,2.45,5.098343195266272
2023-08-22,3,2.49,5.145511270826527
2023-08-22,4,1.49,2.3123537414965987
2023-08-22,5,2.5,4.535758551307847
2023-08-22,6,2.6,4.8919881556683595
2023-08-22,7,2.5,3.818443579766537
2023-08-23,1,2.45,4.618099585062241
2023-08-23,2,2.45,5.187607776838546
2023-08-23,3,2.49,5.144839973873285
2023-08-23,4,1.49,2.2518068763716164
2023-08-23,5,2.5,4.561915064102564
2023-08-23,6,2.6,4.9016629086809465
2023-08-23,7,2.5,3.8179254727474974
2023-08-24,1,2.3,4.63965445462115
2023-08-24,2,2.45,5.187523245984784
2023-08-24,3,2.49,5.1419934640522875
2023-08-24,4,1.49,2.281416490486258
2023-08-24,5,2.5,4.6261012145748985
2023-08-24,6,2.6,4.842102737792831
2023-08-24,7,2.5,3.8193544796883696
2023-08-25,1,2.4,4.630442148760331
2023-08-25,2,2.45,5.188
2023-08-25,3,2.49,5.138337696335078
2023-08-25,4,1.49,2.2968147641831855
2023-08-25,5,2.37,3.917448717948718
2023-08-25,6,2.6,4.841091628959275
2023-08-25,7,2.5,3.8216273849607183
2023-08-26,1,2.375,4.61518457752256
2023-08-26,2,2.45,5.185766299745978
2023-08-26,3,2.49,5.140841794955781
2023-08-26,4,1.49,2.288816689466484
2023-08-26,5,2.5,4.624550200803212
2023-08-26,6,2.65,4.863601694915254
2023-08-26,7,2.5,3.8219079685746356
2023-08-27,1,2.35,4.613605414273994
2023-08-27,2,2.45,5.185766299745978
2023-08-27,3,2.49,5.140841794955781
2023-08-27,4,1.49,2.2953533939818054
2023-08-27,5,2.4,4.764516550522648
2023-08-27,6,2.65,4.863506640293869
2023-08-27,7,2.5,3.822180493273543
2023-08-28,1,2.325,4.591688417618271
2023-08-28,2,2.45,5.186274343776461
2023-08-28,3,2.49,5.157045305318451
2023-08-28,4,1.49,2.314884534639608
2023-08-28,5,2.5,4.986807753164557
2023-08-28,6,2.65,4.894478960745552
2023-08-28,7,2.5,3.822180493273543
2023-08-29,1,2.25,4.187925257731958
2023-08-29,2,2.45,5.187205757832346
2023-08-29,3,2.49,5.161024967148489
2023-08-29,4,1.49,2.3067037552155774
2023-08-29,5,2.5,4.95116004718836
2023-08-29,6,2.65,4.8905563400169445
2023-08-29,7,2.5,3.822180493273543
2023-08-30,1,2.35,4.6114409221902015
2023-08-30,2,2.35,5.193742591024556
2023-08-30,3,2.49,5.158901677079908
2023-08-30,4,1.49,2.2786437104708366
2023-08-30,5,2.5,4.865110497237569
2023-08-30,6,2.65,4.894040090344438
2023-08-30,7,2.5,3.8234828939988788
2023-08-31,1,2.15,4.691130573248408
2023-08-31,2,2.35,5.194038950042337
2023-08-31,3,2.49,5.161154985192497
2023-08-31,4,1.49,2.28958217270195
2023-08-31,5,2.5,4.898891089108911
2023-08-31,6,2.65,4.889339569160998
2023-08-31,7,2.5,3.822261503928171
2023-09-01,1,2.25,4.605857142857143
2023-09-01,2,2.35,5.194038950042337
2023-09-01,3,2.49,5.16241685874218
2023-09-01,4,1.49,2.2830891499654458
2023-09-01,5,2.5,5.037335553705246
2023-09-01,6,2.625,4.88593465909091
2023-09-02,1,2.25,4.626015196285353
2023-09-02,2,2.35,5.196576271186441
2023-09-02,3,2.49,5.161487820934826
2023-09-02,4,1.49,2.3324661246612464
2023-09-02,5,2.5,4.84820047355959
2023-09-02,6,2.6,4.89132336018412
2023-09-02,7,2.5,3.823284671532847
2023-09-03,1,2.25,4.64686357841054
2023-09-03,2,2.35,5.196576271186441
2023-09-03,3,2.49,5.164586490939045
2023-09-03,4,1.49,2.3191820040899795
2023-09-03,5,2.5,4.995028901734104
2023-09-03,6,2.6,4.893386030468525
2023-09-03,7,2.5,3.8247022471910115
2023-09-04,1,2.25,4.6112738044858235
2023-09-04,2,2.35,5.196576271186441
2023-09-04,3,2.49,5.164218337730871
2023-09-04,4,1.49,2.233198529411765
2023-09-04,5,2.5,4.843771056661562
2023-09-04,6,2.6,4.898574712643678
2023-09-04,7,2.5,3.8032835024025626
2023-09-05,1,2.25,4.63573417721519
2023-09-05,3,2.49,5.1647014186737055
2023-09-05,4,1.49,2.281251758087201
2023-09-05,5,2.5,4.793048780487805
2023-09-05,6,2.5,4.14134458848357
2023-09-05,7,2.5,3.805344735435596
2023-09-06,1,2.25,4.6509923339011925
2023-09-06,3,2.49,5.189356223175966
2023-09-06,4,1.49,2.287323162274619
2023-09-06,5,2.5,4.633479253901789
2023-09-06,6,2.6,4.940459770114942
2023-09-06,7,2.5,3.804164442071543
2023-09-07,1,2.25,4.694830508474576
2023-09-07,3,2.49,5.19044282881692
2023-09-07,4,1.49,2.278490432317505
2023-09-07,5,2.5,4.804516374714394
2023-09-07,6,2.5,4.9958414959928765
2023-09-07,7,2.5,3.804164442071543
2023-09-08,1,2.25,4.652960102960103
2023-09-08,3,2.49,5.198337748344371
2023-09-08,4,1.49,2.2786625086625087
2023-09-08,5,2.5,4.9105756767060615
2023-09-08,6,2.6,4.942823429058857
2023-09-08,7,2.5,3.8058855002675225
2023-09-09,1,2.25,4.6410071942446045
2023-09-09,2,2.35,5.243118644067796
2023-09-09,3,2.49,5.200043074884029
2023-09-09,4,1.49,2.2799641966759006
2023-09-09,5,2.5,4.875219214639726
2023-09-09,6,2.6,4.934883124287343
2023-09-09,7,2.5,3.807152034261242
2023-09-10,1,2.25,4.677931778929188
2023-09-10,2,2.35,5.239121909633418
2023-09-10,3,2.49,5.200043074884029
2023-09-10,4,1.49,2.2786625086625087
2023-09-10,5,2.5,4.790752903484181
2023-09-10,6,2.6,4.940250498149729
2023-09-10,7,2.5,3.81502691065662
2023-09-11,1,2.25,4.650892778993436
2023-09-11,2,2.35,5.244389830508474
2023-09-11,3,2.49,5.193398541114059
2023-09-11,4,1.49,2.4110222222222224
2023-09-11,5,2.5,4.890888274772997
2023-09-11,6,2.6,5.058688895168126
2023-09-11,7,2.5,3.815689655172414
2023-09-12,1,2.25,4.6814811606756175
2023-09-12,2,2.36,5.238590947907771
2023-09-12,3,2.49,5.1952720637027205
2023-09-12,4,1.49,2.401917712691771
2023-09-12,5,2.5,4.885181674565561
2023-09-12,6,2.6,5.058716273785857
2023-09-12,7,2.5,3.811044133476857
2023-09-13,1,2.25,4.67498484192291
2023-09-13,2,2.35,5.23856779661017
2023-09-13,3,2.49,5.186938164893617
2023-09-13,4,1.49,2.385739972337483
2023-09-13,5,2.5,4.996388667198723
2023-09-13,6,2.6,5.07509230332292
2023-09-13,7,2.5,3.8112055974165773
2023-09-14,1,2.25,4.696628621597893
2023-09-14,2,2.35,5.240618644067797
2023-09-14,3,2.49,5.193872255489022
2023-09-14,4,1.49,2.3756105834464045
2023-09-14,5,2.5,4.905677932405567
2023-09-14,6,2.6,5.072480181200453
2023-09-14,7,2.5,3.8112055974165773
2023-09-15,1,2.25,4.680008680555556
2023-09-15,2,2.35,5.2434576271186435
2023-09-15,3,2.49,5.196541152949017
2023-09-15,4,1.49,2.4172857142857143
2023-09-15,5,2.5,4.882235387045814
2023-09-15,6,2.35,3.364597701149425
2023-09-15,7,2.5,3.814598815293484
2023-09-16,1,2.25,4.6965378006872855
2023-09-16,2,2.35,5.2434576271186435
2023-09-16,3,2.49,5.196541152949017
2023-09-16,4,1.49,2.4181738544474394
2023-09-16,5,2.5,4.764092947411333
2023-09-16,6,2.6,5.062062641083521
2023-09-16,7,2.5,3.814598815293484
2023-09-17,1,2.25,4.7111639058413255
2023-09-17,2,2.35,5.2474809160305345
2023-09-17,3,2.49,5.19536299765808
2023-09-17,4,1.49,2.415030262273033
2023-09-17,5,2.5,4.947275315168768
2023-09-17,6,2.6,5.070022528865109
2023-09-17,7,2.5,3.8167134376686453
2023-09-18,1,2.25,4.709485738980121
2023-09-18,2,2.35,5.247608142493639
2023-09-18,3,2.49,5.214586541680616
2023-09-18,4,1.49,2.374263301500682
2023-09-18,5,2.0,2.4758864027538725
2023-09-18,6,2.6,5.069222535211268
2023-09-18,7,2.5,3.8143797195253506
2023-09-19,1,2.25,4.734567954841511
2023-09-19,2,2.35,5.242616426756985
2023-09-19,3,2.49,5.218324396782842
2023-09-19,4,1.49,2.3596822177146723
2023-09-19,5,2.5,5.227093975903614
2023-09-19,6,2.65,5.102647392290249
2023-09-19,7,2.5,3.8168790496760256
2023-09-20,1,2.25,4.634252212389381
2023-09-20,2,2.4,5.239923922231615
2023-09-20,3,2.49,5.235769875880577
2023-09-20,4,1.49,2.345215053763441
2023-09-20,5,2.5,4.860293427230047
2023-09-20,6,2.6,5.071281027104137
2023-09-21,1,2.3,4.740716145833334
2023-09-21,2,2.4,5.24072696534235
2023-09-21,3,2.49,5.236049009734811
2023-09-21,4,1.49,2.378341074983411
2023-09-21,5,2.5,4.8958046875
2023-09-21,6,2.6,5.058809121621621
2023-09-21,7,2.5,3.812424568965517
2023-09-22,1,2.3,4.7346915725456125
2023-09-22,2,2.4,5.27255119453925
2023-09-22,3,2.49,5.244268415741675
2023-09-22,4,1.49,2.405436957971981
2023-09-22,5,2.5,4.887878192534381
2023-09-22,6,2.6,5.061947649873346
2023-09-22,7,2.5,3.8206175514626217
2023-09-23,1,2.3,4.720309323906319
2023-09-23,2,2.35,5.236458157227388
2023-09-23,3,2.49,5.240006720430108
2023-09-23,5,2.5,4.901166077738516
2023-09-23,7,2.5,3.820661246612466
2023-09-24,1,2.3,4.697361351819757
2023-09-24,2,2.35,5.236458157227388
2023-09-24,3,2.49,5.2434813319878915
2023-09-24,4,1.49,2.4
2023-09-24,5,2.5,4.9123813260102
2023-09-24,6,2.6,5.071953278919223
2023-09-24,7,2.5,3.8151679306608886
2023-09-25,1,2.3,4.701818181818182
2023-09-25,2,2.355,5.227470489038786
2023-09-25,3,2.49,5.243475773889637
2023-09-25,4,1.49,2.3956470588235295
2023-09-25,5,2.5,4.956014234875445
2023-09-25,6,2.5,4.218994029850746
2023-09-25,7,2.5,3.8187479674796747
2023-09-26,1,2.325,4.705053238686779
2023-09-26,2,2.355,5.217777777777778
2023-09-26,3,2.49,5.243492597577389
2023-09-26,4,1.49,2.353953795379538
2023-09-26,5,2.5,4.926287519747236
2023-09-26,6,2.6,5.078631340323038
2023-09-26,7,2.5,3.8191427021161153
2023-09-27,1,2.2,3.6369504209541628
2023-09-27,2,2.4,5.229991561181435
2023-09-27,3,2.49,5.240195681511471
2023-09-27,4,1.49,2.350895915678524
2023-09-27,5,2.5,4.841071149335418
2023-09-27,6,2.6,5.093835616438356
2023-09-27,7,2.5,3.8226521739130437
2023-09-28,1,2.25,3.63356783919598
2023-09-28,2,2.4,5.232270042194092
2023-09-28,3,2.49,5.247527063599459
2023-09-28,4,1.49,2.3461926910299002
2023-09-28,5,2.5,4.759648499210111
2023-09-28,6,2.6,5.082
2023-09-28,7,2.5,3.8241752857920526
2023-09-29,1,2.25,3.634448495897903
2023-09-29,3,2.49,5.250176092109719
2023-09-29,4,1.49,2.335255905511811
2023-09-29,5,2.5,4.939766081871345
2023-09-29,6,2.6,5.076305571187394
2023-09-29,7,2.5,3.8226032608695655
2023-09-30,1,2.2,3.5977355901189387
2023-09-30,3,2.49,5.2526101694915255
2023-09-30,4,1.49,2.3612328767123287
2023-09-30,5,2.5,4.9628632148377125
2023-09-30,6,2.65,5.147881331403763
2023-09-30,7,2.5,3.8229651795429813
2023-10-01,1,2.25,3.6299772105742933
2023-10-01,3,2.49,5.253516446252967
2023-10-01,4,1.49,2.355854322668482
2023-10-01,5,2.5,4.951148622429182
2023-10-01,6,2.65,5.087165487977369
2023-10-01,7,2.5,3.828831877729258
2023-10-02,1,2.225,3.5058558139534886
2023-10-02,3,2.49,5.2493516632722335
2023-10-02,4,1.49,2.3570810439560437
2023-10-02,5,2.5,4.99819235225956
2023-10-02,6,2.69,5.098924701305918
2023-10-02,7,2.5,3.823109656301146
2023-10-03,1,2.25,3.673216318785579
2023-10-03,3,2.49,5.251492182188987
2023-10-03,4,1.49,2.3995761494252874
2023-10-03,5,2.5,4.954468330134357
2023-10-03,6,2.69,5.087901748542881
2023-10-03,7,2.5,3.821356209150327
2023-10-04,1,2.25,3.6267440801457194
2023-10-04,2,2.4,5.188309260832626
2023-10-04,3,2.49,5.256242774566474
2023-10-04,4,1.49,2.365498281786942
2023-10-04,5,2.5,4.919512663085188
2023-10-04,6,2.67,5.094711111111111
2023-10-04,7,2.5,3.8202668845315904
2023-10-05,1,2.25,3.6521743077621425
2023-10-05,2,2.35,5.161261642675698
2023-10-05,3,2.49,5.261740463215259
2023-10-05,4,1.49,2.390658888126287
2023-10-05,5,2.5,4.939451951951952
2023-10-05,6,2.7,5.100264255910988
2023-10-05,7,2.5,3.8247325327510917
2023-10-06,1,2.2,3.6256751906684612
2023-10-06,2,2.4,5.203277169334457
2023-10-06,3,2.49,5.248972696245734
2023-10-06,4,1.49,2.4042907058001397
2023-10-06,5,2.5,4.921954422556972
2023-10-06,6,2.65,5.092196339434276
2023-10-06,7,2.5,3.699927571221632
2023-10-07,1,2.25,3.661575310916628
2023-10-07,2,2.4,5.206104553119729
2023-10-07,3,2.49,5.25311004784689
2023-10-07,4,1.49,2.5327594728171334
2023-10-07,5,2.5,4.8323702556158015
2023-10-07,6,2.5,4.138898541731306
2023-10-07,7,2.5,3.701087481875302
2023-10-08,1,2.2,3.636049046321526
2023-10-08,2,2.4,5.206104553119729
2023-10-08,3,2.49,5.25311004784689
2023-10-08,4,1.49,2.4051188051595385
2023-10-08,5,2.5,4.872886008387343
2023-10-08,6,2.6950000000000003,5.117560975609756
2023-10-08,7,2.5,3.6989618541767264
2023-10-09,1,2.25,3.638066727605119
2023-10-09,2,2.4,5.206273187183811
2023-10-09,3,2.49,5.260636332535067
2023-10-09,4,1.49,2.377194539249147
2023-10-09,5,2.5,4.850215467487494
2023-10-09,6,2.69,5.116257975034674
2023-10-09,7,2.5,3.6982939759036144
2023-10-10,1,2.2,3.6194318706697457
2023-10-10,2,2.4,5.200169348010161
2023-10-10,3,2.49,5.262834645669291
2023-10-10,4,1.49,2.367719298245614
2023-10-10,5,2.5,4.847816091954023
2023-10-10,6,2.7,5.140419463087248
2023-10-10,7,2.5,3.6995472061657035
2023-10-11,1,2.2,3.6569995398067188
2023-10-11,2,2.4,5.200125944584383
2023-10-11,3,2.5,5.259041424169805
2023-10-11,4,1.49,2.367719298245614
2023-10-11,5,2.5,4.89722328609728
2023-10-11,6,2.7,5.127990550305725
2023-10-11,7,2.5,3.702889423076923
2023-10-12,1,2.25,3.704320652173913
2023-10-12,2,2.4,5.1945515507124895
2023-10-12,3,2.49,5.231973232669869
2023-10-12,5,2.5,4.909938884644767
2023-10-12,6,2.7,5.131379883624273
2023-10-12,7,2.5,3.703129807692308
2023-10-13,1,2.25,3.697710407239819
2023-10-13,2,2.4,5.197359597652976
2023-10-13,3,2.49,5.231199312714777
2023-10-13,4,1.49,2.326244002741604
2023-10-13,5,2.5,4.938272937548188
2023-10-13,6,2.725,5.145607242339833
2023-10-13,7,2.5,3.7063387715930904
2023-10-14,1,2.25,3.7259917920656638
2023-10-14,2,2.4,5.194383906119028
2023-10-14,3,2.49,5.2376385542168675
2023-10-14,4,1.49,2.394943143812709
2023-10-14,5,2.5,4.895520030816641
2023-10-14,7,2.5,3.704517522803649
2023-10-15,1,2.25,3.713163867453473
2023-10-15,2,2.4,5.194383906119028
2023-10-15,3,2.49,5.2376385542168675
2023-10-15,4,1.49,2.4041094062708472
2023-10-15,5,2.5,4.8984390618992695
2023-10-15,6,2.7,5.149701117318436
2023-10-15,7,2.5,3.703322115384615
2023-10-16,1,2.25,3.724445983379501
2023-10-16,2,2.4,5.195867560771165
2023-10-16,3,2.5,5.245483982087496
2023-10-16,4,1.49,2.401902860944777
2023-10-16,5,2.5,4.867613328167376
2023-10-16,6,2.7,5.141264943008062
2023-10-16,7,2.5,3.7018133718133717
2023-10-17,1,2.25,3.6938388625592418
2023-10-17,2,2.85,5.745710289089214
2023-10-17,3,2.5,5.245360469127285
2023-10-17,4,1.49,2.343437917222964
2023-10-17,5,2.5,4.858918609094383
2023-10-17,6,2.75,5.153383584589614
2023-10-17,7,2.5,3.6997927710843372
2023-10-18,1,2.5,4.100813887307911
2023-10-18,2,2.8,5.747248908296943
2023-10-18,3,2.49,5.239999999999999
2023-10-18,4,1.49,2.348539026017345
2023-10-18,5,2.1,4.292040816326531
2023-10-18,6,2.65,5.159392724147808
2023-10-18,7,2.5,3.6986868686868686
2023-10-19,1,2.3,3.7474803836094157
2023-10-19,2,2.8,5.737910586774294
2023-10-19,3,2.49,5.239999999999999
2023-10-19,4,1.49,2.375114247311828
2023-10-19,5,2.0,2.6551508252703475
2023-10-19,6,2.7,5.1491046025104605
2023-10-19,7,2.5,3.6962584053794427
2023-10-20,1,2.25,3.600620945319741
2023-10-20,2,2.8,5.754340572867485
2023-10-20,3,2.495,5.23965814917127
2023-10-20,4,1.49,2.3692948287441236
2023-10-20,5,2.5,4.979992492492493
2023-10-20,6,2.7,5.13840934371524
2023-10-20,7,2.5,3.706221795487278
2023-10-21,1,2.25,3.6902186711522287
2023-10-21,2,2.85,5.741791369140019
2023-10-21,3,2.49,5.240518134715026
2023-10-21,4,1.49,2.3881143232588697
2023-10-21,5,2.5,4.043295553618134
2023-10-21,6,2.65,5.136536530953709
2023-10-21,7,2.5,3.7111880711880714
2023-10-22,1,2.25,3.6857011301799916
2023-10-22,3,2.49,5.242811203319502
2023-10-22,4,1.49,2.392918848167539
2023-10-22,5,2.25,4.241356496906235
2023-10-22,6,2.7,5.135083287062743
2023-10-22,7,2.5,3.710707070707071
2023-10-23,1,2.25,3.6853305439330546
2023-10-23,3,2.49,5.231013139695713
2023-10-23,4,1.55,2.424153846153846
2023-10-23,5,2.5,4.978490922844175
2023-10-23,6,2.7,5.131346848097751
2023-10-23,7,2.5,3.711112716763006
2023-10-24,1,2.25,3.709312028406569
2023-10-24,3,2.49,5.231013139695713
2023-10-24,4,1.49,2.3794272547728768
2023-10-24,5,2.5,4.86627679578789
2023-10-24,6,2.65,5.154138721696762
2023-10-24,7,2.5,3.71152362584378
2023-10-25,1,2.29,3.7478186596583445
2023-10-25,3,2.49,5.196102457597785
2023-10-25,4,1.49,2.339486504279131
2023-10-25,5,2.5,4.975291916167665
2023-10-25,6,2.7,5.139618384401114
2023-10-25,7,2.5,3.7045278450363197
2023-10-26,1,2.4,3.7790838650865997
2023-10-26,3,2.49,5.194788781163434
2023-10-26,4,1.49,2.348871181938911
2023-10-26,5,2.5,5.18528043207312
2023-10-26,6,2.69,5.140892110398662
2023-10-26,7,2.5,3.713627592860589
2023-10-27,1,2.3,3.6554101382488478
2023-10-27,3,2.49,5.197975736568457
2023-10-27,4,1.49,2.355188367481824
2023-10-27,5,2.5,4.942304790645039
2023-10-27,6,2.65,5.1725264663805435
2023-10-27,7,2.5,3.7138513513513516
2023-10-28,1,2.45,3.8687847064178422
2023-10-28,3,2.49,5.199341192787794
2023-10-28,4,1.49,2.363642340565417
2023-10-28,5,2.5,4.896358839050133
2023-10-28,6,2.7,5.128675570395103
2023-10-28,7,2.5,3.7145581844519557
2023-10-29,1,2.3,3.809591743119266
2023-10-29,2,2.85,5.75803842578246
2023-10-29,3,2.49,5.198249566724437
2023-10-29,4,1.49,2.3635049504950496
2023-10-29,5,2.5,4.9277798861480075
2023-10-29,6,2.7,5.130300500834724
2023-10-29,7,2.5,3.7118186203569707
2023-10-30,1,2.3,3.671404667547336
2023-10-30,2,2.85,5.758735667802912
2023-10-30,3,2.49,5.203453536754508
2023-10-30,4,1.49,2.365449141347424
2023-10-30,5,2.2,4.160088430361091
2023-10-30,6,2.7,5.136560332871012
2023-10-30,7,2.5,3.7133317238049255
2023-10-31,1,2.5,3.9142877094972066
2023-10-31,2,2.825,5.681896444167187
2023-10-31,3,2.49,5.212674782608696
2023-10-31,4,1.49,2.3323556735235567
2023-10-31,5,2.5,4.9426839339339335
2023-10-31,6,2.7,5.252060047562426
2023-11-01,1,2.25,3.6873634408602154
2023-11-01,2,2.85,5.8207534466175055
2023-11-01,3,2.49,5.2069600000000005
2023-11-01,4,1.49,2.309147078576226
2023-11-01,5,2.5,4.918581507612328
2023-11-01,6,2.6,5.042745036243303
2023-11-01,7,2.5,3.686163982430454
2023-11-02,1,2.45,3.8221036036036034
2023-11-02,2,2.9,5.777353032659408
2023-11-02,3,2.49,5.210926829268293
2023-11-02,4,1.49,2.312284946236559
2023-11-02,5,2.5,4.9572868791697555
2023-11-02,6,2.6,5.069871109713927
2023-11-02,7,2.5,3.7027126099706744
2023-11-03,1,2.45,3.838082191780822
2023-11-03,2,2.9,5.797974526250388
2023-11-03,3,2.49,5.208771807397069
2023-11-03,4,1.49,2.338326639892905
2023-11-03,5,2.5,5.003452471482889
2023-11-03,6,2.6,5.011192259675406
2023-11-04,1,2.3,3.734122249388753
2023-11-04,2,2.9,5.804173475801383
2023-11-04,3,2.49,5.210666899441341
2023-11-04,4,1.49,2.3830887258172115
2023-11-04,5,2.5,4.908106398809524
2023-11-04,6,2.6,5.000835171761739
2023-11-04,7,2.5,3.6586994641987336
2023-11-05,1,2.45,3.9043439550140584
2023-11-05,2,2.9,5.80443164123326
2023-11-05,3,2.49,5.212207474676912
2023-11-05,4,1.49,2.379660678642715
2023-11-05,5,2.5,4.871280303030304
2023-11-05,6,2.6,4.995781496684559
2023-11-05,7,2.5,3.3301509054325957
2023-11-06,1,2.45,3.795501648610457
2023-11-06,2,2.9,5.8000595424631785
2023-11-06,3,2.49,5.209804605722261
2023-11-06,4,1.49,2.3781059602649006
2023-11-06,5,2.5,4.942913682623445
2023-11-06,6,2.6,5.047341972187105
2023-11-06,7,2.5,3.679556626506024
2023-11-07,1,2.4,3.755465655288664
2023-11-07,2,2.9,5.797350454118384
2023-11-07,3,2.49,5.206808659217877
2023-11-07,4,1.49,2.351446666666667
2023-11-07,5,2.5,4.945047911077041
2023-11-07,6,2.6,5.000164239231484
2023-11-07,7,2.5,3.6757135969141754
2023-11-08,1,2.3,3.7358430717863107
2023-11-08,2,2.9,5.738307978888544
2023-11-08,3,2.49,5.203293747816976
2023-11-08,4,1.49,2.351446666666667
2023-11-08,5,2.5,4.88254820415879
2023-11-08,6,2.5,4.226979234263465
2023-11-08,7,2.5,3.687260471834376
2023-11-09,1,2.35,3.719069182389937
2023-11-09,2,2.9,5.737442582247052
2023-11-09,3,2.49,5.206232086682978
2023-11-09,4,1.49,2.3510066666666667
2023-11-09,5,2.5,4.822908472012103
2023-11-09,6,2.5,4.284141061452514
2023-11-09,7,2.5,3.690963391136801
2023-11-10,1,2.25,3.566080070391553
2023-11-10,2,2.9,5.73734102244389
2023-11-10,3,2.49,5.208492479888073
2023-11-10,4,1.49,2.3510066666666667
2023-11-10,5,2.5,4.952901975978303
2023-11-10,6,2.5,4.275666074600355
2023-11-10,7,2.5,3.6861464354527937
2023-11-11,1,2.4,3.792089086859688
2023-11-11,2,2.9,5.742667701863354
2023-11-11,3,2.49,5.2075306479859895
2023-11-11,4,1.49,2.351622162883845
2023-11-11,5,2.5,5.01583498611662
2023-11-11,7,2.5,3.673842459173871
2023-11-12,1,2.25,3.54688246097337
2023-11-12,2,2.9,5.7188620689655165
2023-11-12,3,2.49,5.210101647388714
2023-11-12,4,1.49,2.3466106254203094
2023-11-12,5,2.5,4.8985092449922965
2023-11-12,6,2.65,5.103532716457369
2023-11-12,7,2.5,3.6678403078403075
2023-11-13,1,2.25,3.5974087591240878
2023-11-13,2,2.9,5.743599378881988
2023-11-13,3,2.49,5.193290073658366
2023-11-13,4,1.49,2.3717898305084746
2023-11-13,5,2.5,4.887740838685304
2023-11-13,6,2.65,5.102421643022105
2023-11-13,7,2.5,3.674689292543021
2023-11-14,1,2.25,3.5606325706594886
2023-11-14,2,2.9,5.784614890885751
2023-11-14,3,2.49,5.192650983146067
2023-11-14,4,1.49,2.3454569892473116
2023-11-14,5,2.5,4.984218808542525
2023-11-14,6,2.7,5.252855680655067
2023-11-14,7,2.5,3.6673132183908046
2023-11-15,1,2.3,3.7375411968777104
2023-11-15,3,2.49,5.187007376185458
2023-11-15,4,1.49,2.3454569892473116
2023-11-15,5,2.5,4.888284202569917
2023-11-15,6,2.5,4.1575953307393
2023-11-15,7,2.5,3.6656773575873625
2023-11-16,1,2.25,3.551843049327354
2023-11-16,3,2.49,5.187200561995082
2023-11-16,4,1.49,2.3716101694915253
2023-11-16,5,2.5,4.938988679245283
2023-11-16,6,2.5,4.1954780262143405
2023-11-16,7,2.5,3.663923444976077
2023-11-17,1,2.45,4.476393734425063
2023-11-17,3,2.49,5.188144764581869
2023-11-17,4,1.49,2.342767676767677
2023-11-17,5,2.5,4.961506338553319
2023-11-17,6,3.25,2.8833333333333333
2023-11-17,7,2.5,3.6663950143815915
2023-11-18,1,2.3,3.706413043478261
2023-11-18,3,2.49,5.18965553602812
2023-11-18,4,1.49,2.35359595959596
2023-11-18,5,2.5,5.050532612890776
2023-11-18,7,2.5,3.6660354745925217
2023-11-19,1,2.3,3.7103435274403016
2023-11-19,3,2.49,5.191020049243757
2023-11-19,4,1.49,2.3599665775401073
2023-11-19,5,2.5,4.953319656844461
2023-11-19,6,2.4,3.007736040609137
2023-11-19,7,2.5,3.665915627996165
2023-11-20,1,2.3,3.6195769881556683
2023-11-20,3,2.49,5.205337790288529
2023-11-20,4,1.49,2.3710769230769233
2023-11-20,5,2.5,4.933859910581222
2023-11-20,6,2.65,4.615679238374222
2023-11-20,7,2.5,3.6659559175850505
2023-11-21,1,2.3,3.717162673392181
2023-11-21,3,2.49,5.211397471910113
2023-11-21,4,1.49,2.333241610738255
2023-11-21,5,2.5,4.93432563338301
2023-11-21,6,2.8,5.626863412788498
2023-11-22,1,2.45,4.482509831962817
2023-11-22,3,2.49,5.125405690200211
2023-11-22,4,1.49,2.3500603621730383
2023-11-22,5,2.5,4.977368225686711
2023-11-22,6,2.65,4.568857774502579
2023-11-23,1,2.3,3.7245741989881958
2023-11-23,2,2.9,5.758848673946958
2023-11-23,3,2.49,5.138401826484018
2023-11-23,4,1.49,2.3647336480107892
2023-11-23,5,2.5,5.030980754996299
2023-11-23,6,2.6,4.536189903846154
2023-11-24,1,2.3,3.6205130361648443
2023-11-24,2,2.9,5.73960766141489
2023-11-24,3,2.49,5.138872101194659
2023-11-24,4,1.49,2.3565161725067387
2023-11-24,5,2.5,5.013731897512068
2023-11-24,6,2.67,5.169195338512763
2023-11-24,7,2.5,3.790281690140845
2023-11-25,1,2.3,3.708163011998345
2023-11-25,2,2.9,5.739558096415327
2023-11-25,3,2.49,5.178067463106114
2023-11-25,4,1.49,2.4053974615898466
2023-11-25,5,2.5,5.052321565617805
2023-11-25,6,2.7,5.1750289017341045
2023-11-25,7,3.0,3.9934328358208955
2023-11-26,1,2.3,3.710753538717735
2023-11-26,2,2.9,5.756516469857054
2023-11-26,3,2.49,5.178067463106114
2023-11-26,4,1.49,2.406915389740173
2023-11-26,5,2.5,5.00013698630137
2023-11-26,6,2.75,5.218926080892608
2023-11-26,7,3.0,3.9244444444444446
2023-11-27,1,2.3,3.7090281224152193
2023-11-27,2,2.45,5.219567062818336
2023-11-27,3,2.49,5.155061598028864
2023-11-27,4,1.49,2.406915389740173
2023-11-27,5,2.5,5.001516393442623
2023-11-27,6,2.7,5.2159392419175035
2023-11-27,7,3.0,3.6446575342465755
2023-11-28,1,2.3,3.71914309484193
2023-11-28,2,2.9,5.7391851851851845
2023-11-28,3,2.49,5.1533990147783255
2023-11-28,5,2.5,5.068072781284813
2023-11-28,6,2.7,5.193206043956044
2023-11-28,7,3.0,3.59943661971831
2023-11-29,1,2.3,3.807947462154942
2023-11-29,2,2.95,5.5837577255871444
2023-11-29,3,2.49,5.1581680731364274
2023-11-29,5,2.5,5.025846893491124
2023-11-29,6,2.65,5.080864972880389
2023-11-29,7,3.2,3.7285074626865673
2023-11-30,1,2.3,3.804420257663261
2023-11-30,2,3.0,5.605680418719212
2023-11-30,3,2.49,5.157513190291945
2023-11-30,5,2.5,5.0334322820037105
2023-11-30,6,2.65,5.034051482932289
2023-11-30,7,3.0,3.8204347826086957
2023-12-01,1,2.3,3.803287366548043
2023-12-01,2,3.0,5.639225264467953
2023-12-01,3,2.49,5.157969739619986
2023-12-01,5,2.5,5.058457526080477
2023-12-01,6,2.65,5.032896935933147
2023-12-01,7,3.2,4.207714285714286
2023-12-02,1,2.3,3.798483096085409
2023-12-02,2,3.0,5.611918694179243
2023-12-02,3,2.49,5.160454065469905
2023-12-02,5,2.5,5.080484801846865
2023-12-02,6,2.75,5.13392795389049
2023-12-02,7,3.2,4.189857142857143
2023-12-03,1,2.3,3.758249299719888
2023-12-03,2,3.0,5.623828996282528
2023-12-03,3,2.49,5.160454065469905
2023-12-03,5,2.5,4.951961367013373
2023-12-03,6,2.7,5.033668243807403
2023-12-03,7,3.2,4.217971014492754
2023-12-04,1,2.2,3.664638109305761
2023-12-04,2,3.0,5.610603262542321
2023-12-04,3,2.49,5.168254135867652
2023-12-04,5,2.5,5.053442240373395
2023-12-05,1,2.3,3.8318218991367563
2023-12-05,2,3.0,5.623086381801414
2023-12-05,3,2.49,5.169229415904293
2023-12-05,5,2.5,5.035440298507463
2023-12-05,6,2.7,4.981984987489575
2023-12-05,7,3.2,4.033188405797102
2023-12-06,1,2.25,3.7427503398278206
2023-12-06,2,3.0,5.622654377880185
2023-12-06,3,2.5,5.181412469179289
2023-12-06,5,2.5,4.987600896860987
2023-12-06,6,2.69,5.013054555524786
2023-12-06,7,3.2,3.89
2023-12-07,1,2.4,3.74710775047259
2023-12-07,2,3.0,5.621553100061387
2023-12-07,3,2.5,5.188584507042253
2023-12-07,5,2.5,5.0187937453462395
2023-12-07,6,2.7,5.015000000000001
2023-12-07,7,2.875,3.778378378378379
2023-12-08,1,2.4,3.7911266336187475
2023-12-08,2,3.0,5.618934602394842
2023-12-08,3,2.5,5.188760563380281
2023-12-08,4,1.49,2.3535709739019732
2023-12-08,5,2.5,5.014860022396417
2023-12-08,6,2.7,5.0223462603878115
2023-12-08,7,3.0,4.008333333333333
2023-12-09,1,2.3,3.7630055193176117
2023-12-09,2,3.0,5.61492628992629
2023-12-09,3,2.5,5.188760563380281
2023-12-09,4,1.49,2.3926136363636363
2023-12-09,5,2.5,4.976473161033797
2023-12-09,6,2.7,4.974253773057574
2023-12-09,7,2.625,3.613815789473684
2023-12-10,1,2.45,3.9199007444168736
2023-12-10,3,2.5,5.188760563380281
2023-12-10,4,1.49,2.399131812420786
2023-12-10,5,2.5,4.987160396039604
2023-12-10,6,2.7,5.00288013318535
2023-12-10,7,2.625,3.613815789473684
2023-12-11,1,2.35,3.772091994692614
2023-12-11,3,2.5,5.190637773079634
2023-12-11,4,1.49,2.401853968253968
2023-12-11,5,2.5,5.038689013035381
2023-12-11,6,2.7,4.999620393460793
2023-12-11,7,2.75,3.9525316455696204
2023-12-12,1,2.3,3.7874345076784097
2023-12-12,3,2.5,5.190563777307963
2023-12-12,4,1.49,2.399477374123646
2023-12-12,5,2.5,5.045762648809524
2023-12-12,6,2.7,5.009215849265724
2023-12-12,7,3.0,4.0
2023-12-13,1,2.3,3.759769543605965
2023-12-13,3,2.5,5.195035236081748
2023-12-13,4,1.49,2.380854755784062
2023-12-13,5,2.5,5.062894345238095
2023-12-13,6,2.7,5.020589374654123
2023-12-13,7,3.0,3.9818181818181815
2023-12-14,1,2.4,3.7620535279805356
2023-12-14,3,2.5,5.1859435626102295
2023-12-14,4,1.49,2.3813853092783503
2023-12-14,5,2.5,5.037971175166297
2023-12-14,6,2.75,5.099432945846329
2023-12-14,7,2.5,3.7365107398568016
2023-12-15,1,2.325,3.6583664772727276
2023-12-15,3,2.49,5.173747353563868
2023-12-15,4,1.49,2.391550387596899
2023-12-15,5,2.5,5.033162808065721
2023-12-15,6,2.75,5.044434903047091
2023-12-15,7,2.5,3.7364630071599048
2023-12-16,1,2.3,3.7697428958051424
2023-12-16,3,2.49,5.173747353563868
2023-12-16,4,1.49,2.3989301729660473
2023-12-16,5,2.5,4.913592992918375
2023-12-16,6,2.75,5.0760403813796975
2023-12-16,7,2.5,3.737393591582975
2023-12-17,1,2.25,3.568598218471636
2023-12-17,3,2.49,5.173747353563868
2023-12-17,4,1.49,2.383875720691864
2023-12-17,5,2.5,5.014313798219584
2023-12-17,6,2.6,5.032391864795188
2023-12-17,7,2.5,3.7366284074605454
2023-12-18,1,2.3,3.7381710213776724
2023-12-18,2,3.0,5.601060559483554
2023-12-18,3,2.5,5.172050105857445
2023-12-18,4,1.49,2.3921590174531353
2023-12-18,5,2.5,5.037164736645499
2023-12-18,6,2.75,5.065588565022422
2023-12-18,7,2.5,3.742508377213978
2023-12-19,1,2.3,3.6473478655767484
2023-12-19,2,3.0,5.604261538461538
2023-12-19,3,2.5,5.171933662667608
2023-12-19,4,1.49,2.395238402061856
2023-12-19,5,2.5,5.046496624156039
2023-12-19,6,2.7,5.040594503645541
2023-12-19,7,2.5,3.7432231800766287
2023-12-20,1,2.3,3.7117428571428572
2023-12-20,2,3.0,5.603518746158573
2023-12-20,3,2.5,5.173353335686552
2023-12-20,4,1.49,2.3850903225806452
2023-12-20,5,2.5,4.993229954614221
2023-12-20,6,2.7,5.025860398860399
2023-12-20,7,2.5,3.7474038461538464
2023-12-21,1,2.4,3.779062034739454
2023-12-21,2,3.0,5.600138291333742
2023-12-21,3,2.5,5.1737063183903995
2023-12-21,4,1.49,2.3968090614886735
2023-12-21,5,2.5,5.053781715666533
2023-12-21,6,2.65,5.043149942987457
2023-12-21,7,2.5,3.748075072184793
2023-12-22,1,2.2,3.608492217898833
2023-12-22,2,2.95,5.566129917657823
2023-12-22,3,2.5,5.175233050847457
2023-12-22,4,1.49,2.3969525666016893
2023-12-22,5,2.5,4.916919249904325
2023-12-22,6,2.7,5.05186822589846
2023-12-22,7,2.5,3.751091173617847
2023-12-23,1,2.4,3.8041730856366107
2023-12-23,2,2.975,5.567446613788896
2023-12-23,3,2.49,5.1616159830268735
2023-12-23,4,1.49,2.3968884540117417
2023-12-23,5,2.5,5.0448015873015875
2023-12-23,6,2.7,5.062478460654796
2023-12-23,7,2.5,3.6991711360312043
2023-12-24,1,2.3,3.775733836715432
2023-12-24,2,2.975,5.567446613788896
2023-12-24,3,2.49,5.162490272373541
2023-12-24,4,1.49,2.3318880114860017
2023-12-24,5,2.5,5.010618754803996
2023-12-24,6,2.65,4.965806451612903
2023-12-24,7,2.5,3.705522971652004
2023-12-25,1,2.45,3.8656980596308568
2023-12-25,2,2.975,5.567446613788896
2023-12-25,3,2.49,5.164971651311126
2023-12-25,4,1.49,2.339632299927902
2023-12-25,5,2.5,5.016371576022231
2023-12-25,6,2.65,5.001811866859623
2023-12-25,7,2.5,3.706479217603912
2023-12-26,1,2.3,3.8084431137724546
2023-12-26,2,2.95,5.551990126504165
2023-12-26,3,2.49,5.165457122608079
2023-12-26,4,1.49,2.3796988364134157
2023-12-26,5,2.5,4.9989576411960135
2023-12-26,6,2.67,5.024183255269321
2023-12-26,7,2.5,3.691570450097847
2023-12-27,1,2.3,3.84483135391924
2023-12-27,2,2.95,5.5315625
2023-12-27,3,2.49,5.1546102055279945
2023-12-27,4,1.49,2.375794520547945
2023-12-27,5,2.5,4.951394611727417
2023-12-27,6,2.65,4.997109059434506
2023-12-27,7,2.5,3.6935550122249388
2023-12-28,1,2.3,3.7603629230014715
2023-12-28,2,2.95,5.5441354556804
2023-12-28,3,2.49,5.153753103937567
2023-12-28,4,1.49,2.273106936416185
2023-12-28,5,2.5,4.970062646828505
2023-12-28,6,2.65,4.9992510121457485
2023-12-28,7,2.5,3.6951331360946744
2023-12-29,1,2.25,3.8072477917247793
2023-12-29,2,2.95,5.538918750000001
2023-12-29,3,2.49,5.165863911649447
2023-12-29,4,1.49,2.32995145631068
2023-12-29,5,2.5,4.965460883036406
2023-12-29,6,2.65,4.956680138568129
2023-12-29,7,2.5,3.6651500245941957
2023-12-30,1,2.25,3.804383497421472
2023-12-30,2,2.95,5.554653434152489
2023-12-30,3,2.49,5.1011332858161085
2023-12-30,4,1.49,2.3393724137931033
2023-12-30,5,2.5,4.911734733566705
2023-12-30,6,2.65,5.084625808438559
2023-12-30,7,2.5,3.6435679133858265
2023-12-31,1,2.3,3.842354596622889
2023-12-31,2,2.95,5.554653434152489
2023-12-31,3,2.49,5.105035688793719
2023-12-31,4,1.49,2.3102409638554215
2023-12-31,5,2.5,4.9890898391526095
2023-12-31,6,2.65,4.963490049033746
2023-12-31,7,2.5,3.665970898143502
2024-01-01,1,2.25,3.8051139005113903
2024-01-01,2,2.95,5.554716446124763
2024-01-01,3,2.49,5.13332024277044
2024-01-01,4,1.49,2.3102409638554215
2024-01-01,5,2.5,5.004211141410206
2024-01-01,6,2.65,4.992503576537911
2024-01-01,7,2.5,3.664734202607823
2024-01-02,1,2.25,3.8159925442684064
2024-01-02,2,2.9,5.86786957898069
2024-01-02,3,2.49,5.358971795787219
2024-01-02,4,1.49,2.2771980676328503
2024-01-02,5,2.5,4.930169025157233
2024-01-02,6,2.6,4.989276485788114
2024-01-02,7,2.5,3.640871449205585
2024-01-03,1,2.25,3.792788327929597
2024-01-03,2,2.9,5.872109597719354
2024-01-03,3,2.49,5.402447302608074
2024-01-03,4,1.49,2.234486301369863
2024-01-03,6,2.65,4.926094017094017
2024-01-03,7,2.5,3.632615384615385
2024-01-04,1,2.25,3.929412317818524
2024-01-04,3,2.49,5.405792486583184
2024-01-04,4,1.49,2.234486301369863
2024-01-04,6,2.65,4.997503578585743
2024-01-04,7,2.5,3.629889423076923
2024-01-05,1,2.25,3.931681753215817
2024-01-05,3,2.49,5.404756795422032
2024-01-05,4,1.49,2.254389750505732
2024-01-05,6,2.65,4.999883654937571
2024-01-05,7,2.5,3.6223679154658983
2024-01-06,1,2.25,3.98144382544104
2024-01-06,3,2.49,5.40626700071582
2024-01-06,4,1.49,2.228782138024357
2024-01-06,7,2.5,3.6251299326275266
2024-01-07,1,2.25,4.022343515272909
2024-01-07,3,2.49,5.405909090909091
2024-01-07,4,1.49,2.2002905405405406
2024-01-07,6,2.5,3.105728493286922
2024-01-07,7,2.5,3.628556998556999
2024-01-08,1,2.25,3.9765046535677353
2024-01-08,3,2.49,5.383267716535433
2024-01-08,4,1.49,2.2002905405405406
2024-01-08,6,2.7,5.002773371104816
2024-01-08,7,2.5,3.6217514395393473
2024-01-09,1,2.25,3.973515064562411
2024-01-09,3,2.49,5.383267716535433
2024-01-09,4,1.49,2.2002905405405406
2024-01-09,6,2.75,5.080795454545455
2024-01-09,7,2.5,3.623669548511047
2024-01-10,4,1.49,2.215657260839642
2024-01-10,6,2.6950000000000003,4.993108720271801
2024-01-10,7,2.5,3.615902744342802
2024-01-11,4,1.49,2.214308327598073
2024-01-11,6,2.7,4.998116846284742
2024-01-11,7,2.5,3.6182163461538464
2024-01-12,1,2.25,4.015240667976424
2024-01-12,2,2.9,5.854684458398744
2024-01-12,3,2.49,5.399640933572711
2024-01-12,4,1.49,2.2536580238262087
2024-01-12,5,2.5,4.890369393139841
2024-01-12,6,2.7,4.9946160385378295
2024-01-12,7,2.5,3.6154667949951875
2024-01-13,1,2.25,3.975355822550832
2024-01-13,2,2.9,5.759861460957179
2024-01-13,3,2.49,5.408611011155092
2024-01-13,4,1.49,2.2429008152173915
2024-01-13,6,2.6,4.259942028985507
2024-01-13,7,1.5,1.9277142857142857
2024-01-14,1,2.25,3.964155294117647
2024-01-14,2,2.9,5.847694251421352
2024-01-14,3,2.49,5.411375585163846
2024-01-14,4,1.49,2.252060810810811
2024-01-14,5,2.5,4.831219147344802
2024-01-14,6,2.65,4.991030869442085
2024-01-14,7,2.5,3.5958746987951806
2024-01-15,1,2.25,3.9677491961414795
2024-01-15,2,2.9,5.815730158730158
2024-01-15,3,2.49,5.425171047893411
2024-01-15,4,1.49,2.254058265582656
2024-01-15,5,2.5,5.016153259626383
2024-01-15,6,2.65,4.990416548597336
2024-01-15,7,2.5,3.6227250842561385
2024-01-16,1,2.25,3.9065797101449276
2024-01-16,2,2.9,5.863148788927336
2024-01-16,3,2.49,5.428142805625676
2024-01-16,4,1.49,2.225357873210634
2024-01-16,5,2.5,4.938870419342652
2024-01-16,6,2.75,5.002333621434745
2024-01-16,7,2.5,3.611717998075072
2024-01-17,1,2.25,3.9510018639328988
2024-01-17,2,2.9,5.8615251572327045
2024-01-17,3,2.49,5.429314079422383
2024-01-17,4,1.49,2.2276462585034014
2024-01-17,5,2.6,5.629791099000908
2024-01-17,6,2.75,5.00541559554413
2024-01-17,7,2.5,3.6455469506292353
2024-01-18,1,2.25,3.9116162109375
2024-01-18,2,2.9,5.856194829760403
2024-01-18,3,2.49,5.429527075812275
2024-01-18,4,1.49,2.25526999316473
2024-01-18,6,2.75,5.03845482690684
2024-01-18,7,2.5,3.625204622051035
2024-01-19,1,2.25,3.9209856547894493
2024-01-19,2,2.9,5.855039544447959
2024-01-19,3,2.49,5.432625678119349
2024-01-19,4,1.49,2.2399795640326974
2024-01-19,5,2.5,5.007594604720869
2024-01-19,6,2.75,5.046558715854689
2024-01-19,7,2.5,3.6238805970149253
2024-01-20,1,2.25,3.923367585240542
2024-01-20,2,2.9,5.859694488188976
2024-01-20,3,2.49,5.434715682723651
2024-01-20,4,1.49,2.2573995915588836
2024-01-20,5,2.6,5.5392840857273145
2024-01-21,1,2.3,4.073132472501196
2024-01-21,2,2.9,5.854065830721003
2024-01-21,3,2.49,5.434715682723651
2024-01-21,4,1.49,2.264871447902571
2024-01-21,5,2.5,5.0341805135951665
2024-01-21,6,2.75,5.050519808935094
2024-01-21,7,2.5,3.6173587638821827
2024-01-22,1,2.3,3.9893851132686087
2024-01-22,2,2.9,5.849128253370963
2024-01-22,3,2.49,5.343046309696093
2024-01-22,4,1.49,2.2564634146341462
2024-01-22,6,2.75,5.057193031750492
2024-01-22,7,2.5,3.622302472127969
2024-01-23,1,2.3,4.040904452690167
2024-01-23,2,2.9,5.849457510191282
2024-01-23,3,2.49,5.339301483894317
2024-01-23,4,1.49,2.2564634146341462
2024-01-23,5,2.0,2.7072175379426646
2024-01-23,6,2.75,5.064495077355836
2024-01-23,7,2.5,3.622666020358701
2024-01-24,1,2.4,4.049914221218962
2024-01-24,2,3.1,8.73947730829421
2024-01-24,3,2.49,5.352785817655572
2024-01-24,4,1.49,2.2279959239130434
2024-01-24,5,2.5,5.029821494979546
2024-01-24,6,2.75,5.0677858949143015
2024-01-25,1,2.3,4.001648507816201
2024-01-25,2,3.1,8.73898029402565
2024-01-25,3,2.49,5.353315237061166
2024-01-25,4,1.49,2.2406145966709348
2024-01-25,5,2.99,6.1379491623339115
2024-01-25,6,2.75,5.0146540525275345
2024-01-25,7,2.5,3.626710208030963
2024-01-26,1,2.3,3.9450089365504915
2024-01-26,2,3.0,8.655735944409349
2024-01-26,3,2.49,5.350673668960522
2024-01-26,4,1.49,2.260616570327553
2024-01-26,6,2.75,5.064742792538158
2024-01-27,1,2.3,3.9695948352626886
2024-01-27,2,3.0,8.667280729330399
2024-01-27,3,2.49,5.350673668960522
2024-01-27,4,1.49,2.270074123989218
2024-01-27,5,2.5,5.705554329840044
2024-01-27,6,2.65,5.069584722643226
2024-01-28,1,2.3,3.8936494382022477
2024-01-28,2,3.06,8.701604938271604
2024-01-28,3,2.49,5.356452665941241
2024-01-28,4,1.49,2.2596498316498317
2024-01-28,5,2.2,2.668112244897959
2024-01-28,6,2.75,5.0777925381571505
2024-01-28,7,2.5,3.6331438289601556
2024-01-29,1,2.35,3.9941848583372037
2024-01-29,2,3.0,8.66709210939956
2024-01-29,3,2.49,5.373232946298985
2024-01-29,4,1.49,2.2443098782138025
2024-01-29,6,2.75,5.087844463229078
2024-01-29,7,2.5,3.612637571157495
2024-01-30,1,2.25,3.7381081081081082
2024-01-30,2,3.1,8.661759723964868
2024-01-30,3,2.49,5.3732075471698115
2024-01-30,4,1.49,2.2581681476418316
2024-01-30,6,2.75,5.098675141242938
2024-01-30,7,2.5,3.617415836889521
2024-01-31,1,2.3,3.9729459097004916
2024-01-31,2,3.1,8.697386256667713
2024-01-31,3,2.49,5.367482695810565
2024-01-31,4,1.49,2.241149193548387
2024-01-31,5,2.7,5.709516674722088
2024-01-31,6,2.75,5.072108824358613
2024-01-31,7,2.5,3.618186968838527
2024-02-01,1,2.45,3.9690962671905696
2024-02-01,2,3.1,8.716570155902005
2024-02-01,3,2.49,5.3620889537003285
2024-02-01,4,1.49,2.246534320323015
2024-02-01,5,2.5,5.172829875518673
2024-02-01,6,2.65,5.006946001770434
2024-02-01,7,2.5,3.61108644307983
2024-02-02,1,2.3,3.9495350957155884
2024-02-02,2,3.1,8.724935635792779
2024-02-02,3,2.49,5.363442742523705
2024-02-02,4,1.49,2.25774064171123
2024-02-02,6,2.75,5.1230135798902054
2024-02-02,7,2.5,3.612320415879017
2024-02-03,1,2.45,4.063250701590271
2024-02-03,2,3.1,8.732094191522764
2024-02-03,3,2.49,5.367079225994889
2024-02-03,4,1.49,2.2618363273453093
2024-02-03,5,2.35,3.9048794858061058
2024-02-04,1,2.25,3.905929742388759
2024-02-04,2,3.1,8.732094191522764
2024-02-04,3,2.49,5.313397951719093
2024-02-04,4,1.49,2.2484615384615383
2024-02-05,1,2.3,3.7543953838434523
2024-02-05,2,3.1,8.737092803030302
2024-02-05,3,2.49,5.317209217264082
2024-02-05,4,1.49,2.2484615384615383
2024-02-05,5,2.35,4.189090272918125
2024-02-05,6,2.75,5.068600788288288
2024-02-05,7,2.5,3.6047969782813976
2024-02-06,1,2.4,3.953327394209354
2024-02-06,2,3.15,8.77548537647791
2024-02-06,3,2.49,5.3194950603732165
2024-02-06,4,1.49,2.3023575638506877
2024-02-06,5,2.5,5.428873366381253
2024-02-06,6,2.725,5.072260967379077
2024-02-06,7,2.5,3.606077504725898
2024-02-07,1,2.45,3.973385024368631
2024-02-07,2,3.15,8.781724245253658
2024-02-07,3,2.49,5.319849926793558
2024-02-07,4,1.55,2.2536776315789475
2024-02-07,6,2.7,5.085303244005642
2024-02-07,7,2.5,3.6063137996219283
2024-02-08,1,2.3,3.9181731640979147
2024-02-08,2,3.15,8.799289940828402
2024-02-08,3,2.49,5.323024533138045
2024-02-08,4,1.59,2.2905101373446697
2024-02-08,6,2.7,5.071685393258427
2024-02-08,7,2.5,3.608779564806055
2024-02-09,1,2.4,3.9817109929078014
2024-02-09,2,3.15,8.797266500622666
2024-02-09,3,2.49,5.325445218028582
2024-02-09,4,1.55,2.281841933376878
2024-02-09,5,2.0,2.7175880551301685
2024-02-09,6,2.7,5.082660679202919
2024-02-09,7,2.5,3.608779564806055
2024-02-10,1,2.35,3.8984848484848484
2024-02-10,2,3.15,8.803340666247642
2024-02-10,3,2.49,5.323787545787546
2024-02-10,4,1.55,2.286994784876141
2024-02-10,6,2.7,5.066717963066592
2024-02-10,7,2.5,3.6068153773137164
2024-02-11,1,2.3,3.9080498120300753
2024-02-11,2,3.15,8.795426791277258
2024-02-11,3,2.49,5.320425064126054
2024-02-11,4,1.55,2.300233009708738
2024-02-11,5,2.5,4.70107553366174
2024-02-11,6,2.7,5.0630039193729
2024-02-11,7,2.5,3.605436432637571
2024-02-12,1,2.4,3.775338381448178
2024-02-12,2,3.15,8.795520249221184
2024-02-12,3,2.49,5.304406593406593
2024-02-12,4,1.55,2.3084025974025972
2024-02-12,6,2.7,5.062133072407045
2024-02-12,7,2.5,3.601519167061051
2024-02-13,1,2.4,3.9651701570680626
2024-02-13,2,3.15,8.7957267351385
2024-02-13,3,2.49,5.306160616061606
2024-02-13,4,1.55,2.3084025974025972
2024-02-13,5,2.5,4.8615751989945535
2024-02-13,6,2.7,5.072058741258742
2024-02-13,7,2.5,3.6071645329540067
2024-02-14,1,2.4,3.969609306409131
2024-02-14,2,3.1,8.63104029990628
2024-02-14,3,2.49,5.286415717958135
2024-02-14,4,1.55,2.2642912873862158
2024-02-14,5,2.6,5.403614787768142
2024-02-14,6,2.7,5.071384615384615
2024-02-14,7,2.5,3.5995044832468146
2024-02-15,1,2.5,4.025395454545455
2024-02-15,2,3.1,8.628400374181478
2024-02-15,3,2.49,5.304963262307127
2024-02-15,4,1.49,2.2578212654924985
2024-02-15,5,2.5,4.980358595194085
2024-02-15,6,2.5,3.678626373626374
2024-02-16,1,2.4,3.8716991391028546
2024-02-16,2,3.1,8.61684194150591
2024-02-16,3,2.49,5.303421536199926
2024-02-16,4,1.55,2.292437908496732
2024-02-16,5,2.5,5.107646622123236
2024-02-16,6,2.5,3.268504380475594
2024-02-16,7,2.5,3.606808510638298
2024-02-17,1,2.4,3.9179435127978817
2024-02-17,2,3.1,8.624682242990653
2024-02-17,3,2.49,5.304452205882353
2024-02-17,4,1.55,2.3147310434219053
2024-02-17,5,2.5,5.01538035450517
2024-02-17,6,2.67,5.085847362514029
2024-02-17,7,2.5,3.6092391304347826
2024-02-18,1,2.3,3.8665979381443294
2024-02-18,2,3.1,8.624682242990653
2024-02-18,3,2.49,5.307362030905077
2024-02-18,4,1.55,2.3061258922777417
2024-02-18,5,2.5,5.004440339859624
2024-02-19,1,2.3,3.913365810451727
2024-02-19,2,3.1,8.625289719626169
2024-02-19,3,2.49,5.329285714285715
2024-02-19,4,1.55,2.300586701434159
2024-02-19,5,2.5,4.966270810210877
2024-02-19,6,2.7,5.062242052426102
2024-02-19,7,2.5,3.606653992395437
2024-02-20,1,2.4,3.9445747126436785
2024-02-20,2,3.1,8.624604361370716
2024-02-20,3,2.49,5.32924465733235
2024-02-20,4,1.59,2.2915913555992145
2024-02-20,5,2.5,4.929363839285714
2024-02-20,6,2.7,5.0687866927592955
2024-02-20,7,2.5,3.6035765040265275
2024-02-21,1,2.4,3.9187764084507037
2024-02-21,2,3.1,8.565996264009963
2024-02-21,3,2.49,5.3310243183493
2024-02-21,4,1.55,2.281097240473062
2024-02-21,5,2.5,4.935063197026023
2024-02-21,6,2.7,5.084183244606333
2024-02-21,7,2.5,3.588785578747628
2024-02-22,1,2.3,3.915112981834293
2024-02-22,2,3.1,8.571780267662621
2024-02-22,3,2.5,5.331370670596905
2024-02-22,4,1.59,2.277085230969421
2024-02-22,5,2.5,4.848476454293629
2024-02-23,1,2.45,3.992180656934307
2024-02-23,2,3.1,8.590381369177868
2024-02-23,3,2.5,5.3288872512896095
2024-02-23,4,1.59,2.295439276485788
2024-02-23,6,2.7,5.099698421645997
2024-02-23,7,2.5,3.5832826603325416
2024-02-24,1,2.4,3.918056288478452
2024-02-24,2,3.1,8.660012787723785
2024-02-24,3,2.5,5.328297715549005
2024-02-24,4,1.59,2.309746588693957
2024-02-25,1,2.3,3.8096952039444196
2024-02-25,2,3.1,8.5885875
2024-02-25,3,2.5,5.32963877626244
2024-02-25,4,1.59,2.310635950681376
2024-02-25,6,2.7,5.090363175675676
2024-02-25,7,2.5,3.5712137077582105
2024-02-26,1,2.3,3.8283809523809524
2024-02-26,2,3.1,8.603814465408805
2024-02-26,3,2.495,5.34401179941003
2024-02-26,4,1.59,2.312461139896373
2024-02-26,6,2.7,5.094436955911261
2024-02-26,7,2.5,3.5712137077582105
2024-02-27,1,2.475,3.980496838301716
2024-02-27,2,3.1,8.642530158730159
2024-02-27,3,2.495,5.343274336283186
2024-02-27,4,1.59,2.312461139896373
2024-02-27,6,2.7,5.091555555555556
2024-02-27,7,2.5,3.572385496183206
2024-02-28,1,2.45,3.9467538802660753
2024-02-28,2,3.1,8.522883473914401
2024-02-28,3,2.495,5.351585545722714
2024-02-28,4,1.55,2.2868524590163934
2024-02-28,6,2.75,5.095195499296764
2024-02-28,7,2.5,3.581129647283127
2024-02-29,1,2.45,3.9585510477039683
2024-02-29,2,3.1,8.523445798188066
2024-02-29,3,2.49,5.352637403172261
2024-02-29,4,1.55,2.318541530412034
2024-02-29,6,2.7,5.084192642516148
2024-02-29,7,2.5,3.5816841603053433
2024-03-01,4,1.59,2.3171197411003237
2024-03-02,4,1.49,2.350232867598137
2024-03-02,6,2.7,5.099343981745579
2024-03-02,7,2.5,3.5865679611650485
2024-03-03,4,1.59,2.3437434895833333
2024-03-03,6,2.75,5.094521396396397
2024-03-03,7,2.5,3.6477548076923076
2024-03-04,4,1.59,2.3172442996742673
2024-03-04,6,2.7,5.090413269609221
2024-03-04,7,2.5,3.6434278846153845
2024-03-05,4,1.59,2.320492449113592
2024-03-05,6,2.7,5.091630526612223
2024-03-05,7,2.5,3.6459141341051615
2024-03-06,4,1.57,2.289072847682119
2024-03-06,6,2.7,5.098653465346535
2024-03-06,7,2.5,3.6507618129218904
2024-03-07,4,1.49,2.2885934360348292
2024-03-07,6,2.75,5.094413344642352
2024-03-07,7,2.5,3.656878612716763
2024-03-08,4,1.55,2.308894771674388
2024-03-08,6,2.75,5.096755304101839
2024-03-08,7,2.5,3.658473429951691
2024-03-09,4,1.55,2.3143096514745305
2024-03-09,6,2.7,5.0873022598870055
2024-03-09,7,2.5,3.6665968841285297
2024-03-10,4,1.59,2.3308590163934424
2024-03-10,6,2.7,5.118394573205201
2024-03-10,7,2.5,3.6665968841285297
2024-03-11,4,1.49,2.2952217741935486
2024-03-11,5,2.5,4.999120795107034
2024-03-11,6,2.7,5.126782485875706
2024-03-11,7,2.5,3.6585136452241716
2024-03-12,4,1.57,2.3142276964047936
2024-03-12,5,2.5,5.040587797619048
2024-03-12,6,2.7,5.1169512195121944
2024-03-12,7,2.5,3.6479559902200487
2024-03-13,1,2.45,3.856614052953157
2024-03-13,4,1.59,2.320842175066313
2024-03-13,5,2.5,5.129118529632408
2024-03-13,6,2.7,5.112982158028887
2024-03-13,7,2.25,2.7377571251548947
2024-03-14,1,2.2,3.957314990512334
2024-03-14,4,1.55,2.3072829688535452
2024-03-15,1,2.25,3.764930498773508
2024-03-15,4,1.57,2.3334553928095874
2024-03-15,6,2.7,5.120612303290415
2024-03-15,7,2.5,3.6496044921875
2024-03-16,2,3.1,8.708492217898833
2024-03-16,4,1.49,2.342857142857143
2024-03-16,6,2.7,5.112591645353794
2024-03-16,7,2.5,3.638228962818004
2024-03-17,1,2.25,3.970610271903323
2024-03-17,2,3.1,8.608853704876504
2024-03-17,3,2.49,5.344384272997033
2024-03-17,4,1.49,2.3353072248480755
2024-03-17,5,2.5,5.100576412590065
2024-03-17,6,2.7,5.117803008799319
2024-03-17,7,2.5,3.6405131964809385
2024-03-18,1,2.25,3.91719723183391
2024-03-18,2,3.1,8.58892175572519
2024-03-18,3,2.49,5.340415430267062
2024-03-18,4,1.55,2.341125916055963
2024-03-18,5,2.5,5.08733611691023
2024-03-18,6,2.7,5.108386363636364
2024-03-18,7,2.5,3.6395154185022025
2024-03-19,1,2.2,3.8500107933081487
2024-03-19,2,3.1,8.611112519809826
2024-03-19,3,2.49,5.335769373377827
2024-03-19,4,1.55,2.351402157164869
2024-03-19,5,2.5,5.019333582927742
2024-03-19,6,2.7,5.1076477272727265
2024-03-19,7,2.5,3.6436759667156142
2024-03-20,1,2.2,3.8256709956709956
2024-03-20,2,3.15,8.70838052815781
2024-03-20,3,2.49,5.330289210233593
2024-03-20,4,1.59,2.3110743243243244
2024-03-20,5,2.5,5.104572127139365
2024-03-20,6,2.7,5.100727066174382
2024-03-20,7,2.5,3.6483031784841073
2024-03-21,1,2.25,3.9308031674208146
2024-03-21,2,3.15,8.707346484250715
2024-03-21,3,2.49,5.333837597330367
2024-03-21,4,1.59,2.3118703578663067
2024-03-21,5,2.5,5.040981572019556
2024-03-21,6,2.7,5.114005714285715
2024-03-21,7,2.5,3.581383709519136
2024-03-22,1,2.2,3.8433242358078603
2024-03-22,2,3.15,8.695001604106512
2024-03-22,3,2.49,5.330552875695733
2024-03-22,4,1.57,2.3301610644257704
2024-03-22,5,2.5,5.0814399393709735
2024-03-23,1,2.2,3.8803387096774196
2024-03-23,2,3.1,8.711422121896161
2024-03-23,3,2.49,5.331243042671614
2024-03-23,4,1.59,2.3192010832769125
2024-03-23,5,2.5,5.093167907361456
2024-03-23,6,2.7,5.10374715261959
2024-03-23,7,2.5,3.5840406544372834
2024-03-24,1,2.25,3.9139761092150174
2024-03-24,2,3.125,8.68902187902188
2024-03-24,3,2.49,5.331243042671614
2024-03-24,4,1.55,2.279904109589041
2024-03-24,5,2.5,5.083607014746911
2024-03-24,7,2.5,3.5833796526054593
2024-03-25,1,2.25,3.9414182825484767
2024-03-25,2,3.15,8.716189715745768
2024-03-25,3,2.49,5.301543599257885
2024-03-25,4,1.55,2.2677639751552796
2024-03-25,5,2.5,5.109465852727967
2024-03-25,6,2.7,5.106767302762746
2024-03-26,1,2.2,3.8105936599423633
2024-03-26,2,3.15,8.71365488697867
2024-03-26,3,2.49,5.302204081632653
2024-03-26,4,1.49,2.2670313588850175
2024-03-26,5,2.5,5.036619121048574
2024-03-26,6,2.7,5.114961417547871
2024-03-27,1,2.5,4.675989847715735
2024-03-27,2,3.15,8.721240038253107
2024-03-27,3,2.49,5.289001113999258
2024-03-27,4,1.49,2.254864864864865
2024-03-27,5,2.5,5.19530778638402
2024-03-27,6,2.7,5.120225778793941
2024-03-28,1,2.4,4.5918444119795465
2024-03-28,2,3.15,8.721531819635434
2024-03-28,3,2.49,5.266820208023774
2024-03-28,4,1.49,2.2605266805266804
2024-03-28,5,2.5,4.994476696647588
2024-03-28,6,2.7,5.11704128440367
2024-03-29,1,2.5,4.59843019135365
2024-03-29,2,3.15,8.740060761112888
2024-03-29,3,2.49,5.266820208023774
2024-03-29,4,1.49,2.2722869022869023
2024-03-29,5,2.5,5.0485858585858585
2024-03-29,6,2.7,5.1290416068866564
2024-03-30,1,2.45,4.679456360946745
2024-03-30,2,3.15,8.71922703751617
2024-03-30,3,2.49,5.263946488294315
2024-03-30,4,1.49,2.2722869022869023
2024-03-30,5,2.5,4.88908507909363
2024-03-30,6,2.7,5.129371772805508
2024-03-31,1,2.5,4.616993279094446
2024-03-31,2,3.15,8.743654399999999
2024-03-31,3,2.49,5.265085501858736
2024-03-31,4,1.49,2.2758803301237966
2024-03-31,5,2.5,4.994828137490008
2024-03-31,6,2.7,5.128898869892785
2024-04-01,1,2.5,4.608457142857143
2024-04-01,2,3.15,8.740522268503684
2024-04-01,3,2.49,5.275503156331229
2024-04-01,4,1.49,2.222459016393443
2024-04-01,5,2.5,5.053020585906571
2024-04-01,6,2.7,5.148076251455181
2024-04-01,7,2.5,3.600964035964036
2024-04-02,1,2.45,4.609913513513513
2024-04-02,2,3.1,8.73863382594417
2024-04-02,3,2.49,5.281006686478454
2024-04-02,4,1.49,2.2368042704626334
2024-04-02,5,2.5,4.992658429653249
2024-04-02,6,2.7,5.164988358556461
2024-04-02,7,2.5,3.60025075225677
2024-04-03,1,2.49,4.61120831839369
2024-04-03,2,3.15,8.653315824031516
2024-04-03,3,2.49,5.304106280193237
2024-04-03,4,1.49,2.2152793696275075
2024-04-03,5,2.5,5.035384006334125
2024-04-03,6,2.7,5.1625
2024-04-03,7,2.5,3.607887323943662
2024-04-04,1,2.45,4.617714080974562
2024-04-04,2,3.15,8.868173140223831
2024-04-04,3,2.49,5.309914434523809
2024-04-04,4,1.49,2.2161532951289398
2024-04-04,5,2.5,4.9952786624203815
2024-04-04,6,2.7,5.165517441860465
2024-04-05,1,2.25,3.7364336213668494
2024-04-05,2,3.1,8.87039584032204
2024-04-05,3,2.49,5.279370108087961
2024-04-05,4,1.49,2.2185344827586206
2024-04-05,6,2.95,2.95
2024-04-06,1,2.45,4.615437589670014
2024-04-06,2,3.15,8.929843905679176
2024-04-06,3,2.49,5.283342036553525
2024-04-06,4,1.49,2.2313817663817663
2024-04-06,5,2.5,5.094052776683734
2024-04-06,6,2.7,5.159816647264261
2024-04-07,1,2.49,4.632657819225251
2024-04-07,2,3.15,8.886380045946833
2024-04-07,3,2.49,5.289570254110613
2024-04-07,4,1.49,2.2409691629955946
2024-04-07,5,2.5,5.070314240254574
2024-04-07,6,2.7,5.165931758530183
2024-04-07,7,2.5,3.6247912423625257
2024-04-08,1,2.45,4.618454935622318
2024-04-08,2,3.15,8.983371123707903
2024-04-08,3,2.49,5.286915887850467
2024-04-08,4,1.49,2.226170520231214
2024-04-08,5,2.5,5.067107765451664
2024-04-08,6,2.7,5.158502626970227
2024-04-08,7,2.475,3.6259378185524973
2024-04-09,1,2.45,4.627707581227437
2024-04-09,2,3.15,8.887434519811954
2024-04-09,3,2.49,5.28754674644727
2024-04-09,4,1.49,2.207289855072464
2024-04-09,5,2.5,4.963859941642351
2024-04-09,6,2.7,5.169956191588785
2024-04-09,7,2.475,3.6259378185524973
2024-04-10,1,2.45,4.634898916967509
2024-04-10,2,3.15,8.998143153526971
2024-04-10,3,2.49,5.307688272761333
2024-04-10,4,1.49,2.2055000000000002
2024-04-10,5,2.5,5.125537613233557
2024-04-10,6,2.7,5.171334113516676
2024-04-10,7,2.5,3.6283622448979593
2024-04-11,1,2.45,4.635104542177362
2024-04-11,2,3.15,8.860968165408599
2024-04-11,3,2.49,5.321787457754413
2024-04-11,4,1.49,2.2161946259985474
2024-04-11,5,2.5,4.99017614091273
2024-04-11,6,2.7,5.177945645821158
2024-04-11,7,2.5,3.6313694430250383
2024-04-12,1,2.425,4.617760492040521
2024-04-12,2,3.15,8.842193760262726
2024-04-12,3,2.49,5.331756299360662
2024-04-12,4,1.49,2.2112835387962293
2024-04-12,5,2.5,5.123748025276461
2024-04-12,6,2.7,5.18124634289058
2024-04-12,7,2.5,3.6334989754098364
2024-04-13,1,2.45,4.630792043399638
2024-04-13,2,3.15,8.846312849162011
2024-04-13,3,2.49,5.322852298417483
2024-04-13,4,1.49,2.2038957277335265
2024-04-13,5,2.5,4.954654487688642
2024-04-13,6,2.7,5.144253884491351
2024-04-13,7,2.5,3.6402929085303186
2024-04-14,1,2.45,4.631763642934586
2024-04-14,2,3.15,8.846312849162011
2024-04-14,3,2.49,5.321
2024-04-14,4,1.49,2.2324057971014493
2024-04-14,5,2.5,5.02951391611133
2024-04-14,6,2.7,5.175665399239543
2024-04-14,7,2.5,3.6371310629514966
2024-04-15,1,2.45,4.640163398692811
2024-04-15,2,3.15,8.847758790667104
2024-04-15,3,2.49,5.327998489425982
2024-04-15,4,1.49,2.234173285198556
2024-04-15,5,2.5,5.052053119730185
2024-04-15,6,2.7,5.172666081357916
2024-04-15,7,2.5,3.6377066115702483
2024-04-16,1,2.4,4.611482834185537
2024-04-16,2,3.15,8.84068727392305
2024-04-16,3,2.49,5.327997733282962
2024-04-16,4,1.49,2.21592673992674
2024-04-16,5,2.5,5.098034632034633
2024-04-16,6,2.65,5.180582181711261
2024-04-16,7,2.5,3.6382808466701086
2024-04-17,1,2.4,4.576525037936267
2024-04-17,2,3.15,8.866146758802238
2024-04-17,3,2.49,5.312231467473525
2024-04-17,4,1.49,2.196425438596491
2024-04-17,5,2.5,5.063251533742331
2024-04-17,6,2.6,4.5339002753135516
2024-04-17,7,2.5,3.638022715539494
2024-04-18,1,2.4,4.59874128440367
2024-04-18,2,3.15,8.856000661594441
2024-04-18,3,2.49,5.313111279333838
2024-04-18,4,1.49,2.2143786549707603
2024-04-18,5,2.5,5.17092561983471
2024-04-18,6,2.7,5.179771260997067
2024-04-18,7,2.5,3.6405894519131334
2024-04-19,1,2.4,4.591374129717845
2024-04-19,2,3.15,8.871666666666666
2024-04-19,3,2.49,5.3132537878787875
2024-04-19,4,1.49,2.2410568513119533
2024-04-19,5,2.5,5.067811260904045
2024-04-19,6,2.65,5.186600356294537
2024-04-19,7,2.5,3.6527838258164853
2024-04-20,1,2.35,4.580177711958534
2024-04-20,2,3.15,8.913094527363183
2024-04-20,3,2.49,5.3141492989768855
2024-04-20,4,1.49,2.2363092633114516
2024-04-20,5,2.5,4.78767803193785
2024-04-20,6,2.7,5.165484154929578
2024-04-20,7,2.5,3.6546289569278674
2024-04-21,1,2.325,4.607724481964697
2024-04-21,2,3.15,8.874383651944628
2024-04-21,3,2.49,5.3155951478392724
2024-04-21,4,1.49,2.2363092633114516
2024-04-21,5,2.5,4.84501054407423
2024-04-21,6,2.65,4.991913762551683
2024-04-21,7,2.45,3.6515085536547436
2024-04-22,1,2.3,4.5777835626627
2024-04-22,2,3.15,8.954012076484402
2024-04-22,3,2.49,5.338722517058377
2024-04-22,4,1.49,2.2363092633114516
2024-04-22,6,2.7,5.176449721489299
2024-04-22,7,2.45,3.6515085536547436
2024-04-23,1,2.25,4.690768618080447
2024-04-23,2,3.15,8.893873635461462
2024-04-23,3,2.49,5.3382669700417145
2024-04-23,4,1.49,2.2259245562130174
2024-04-23,6,2.65,5.15357625624449
2024-04-23,7,2.45,3.65215655780197
2024-04-24,1,2.4,4.6040316060271955
2024-04-24,2,3.15,8.847587806494367
2024-04-24,3,2.49,5.387175398633257
2024-04-24,4,1.49,2.2220473022912044
2024-04-24,6,2.7,5.1605823529411765
2024-04-24,7,2.475,3.6535617860851506
2024-04-25,1,2.45,4.627483468038207
2024-04-25,2,3.1,8.84923488138991
2024-04-25,3,2.49,5.3850873196659075
2024-04-25,4,1.49,2.2256457564575647
2024-04-25,6,2.65,5.154363582793164
2024-04-25,7,2.475,3.654760914760915
2024-04-26,1,2.5,4.651383253412025
2024-04-26,2,3.15,8.838334988414433
2024-04-26,3,2.49,5.3850873196659075
2024-04-26,4,1.49,2.2184513274336286
2024-04-26,6,2.65,5.158838652482269
2024-04-26,7,2.5,3.6528668054110303
2024-04-27,1,2.5,4.6580814814814815
2024-04-27,2,3.15,8.872051799529096
2024-04-27,3,2.49,5.387431610942249
2024-04-27,4,1.49,2.24012734082397
2024-04-27,6,2.65,5.150869437076334
2024-04-27,7,2.5,3.65278731149246
2024-04-28,1,2.45,4.752147047321079
2024-04-28,2,3.15,8.84026821192053
2024-04-28,3,2.49,5.386849315068493
2024-04-28,4,1.49,2.222930648769575
2024-04-28,6,2.65,5.153420819817163
2024-04-28,7,2.5,3.65278731149246
2024-04-29,1,2.5,4.649864508844562
2024-04-29,2,3.15,8.881995905834186
2024-04-29,3,2.49,5.390482522796352
2024-04-29,4,1.49,2.2462872023809526
2024-04-29,6,2.65,5.151061633736361
2024-04-29,7,2.4,3.645270551508845
2024-04-30,1,2.49,4.809269955876454
2024-04-30,2,3.1,8.819735785953176
2024-04-30,3,2.49,5.389311525294789
2024-04-30,4,1.49,2.2462872023809526
2024-04-30,6,2.69,5.1596077853140665
2024-04-30,7,2.4,3.6418451143451143
2024-05-01,1,2.5,4.668728971962617
2024-05-01,2,3.1,8.732301269205076
2024-05-01,3,2.49,5.263564584131851
2024-05-01,4,1.49,2.209202733485194
2024-05-01,6,2.65,5.163329390892963
2024-05-01,7,2.4,3.6403588143525742
2024-05-02,1,2.5,4.6994640820980615
2024-05-02,2,3.15,8.709898707649318
2024-05-02,3,2.49,5.264599156118143
2024-05-02,4,1.49,2.261898734177215
2024-05-02,6,2.65,5.176161165625929
2024-05-02,7,2.4,3.642866076081292
2024-05-03,1,2.5,4.663786805814387
2024-05-03,2,3.15,8.915176032498307
2024-05-03,3,2.49,5.271712302352487
2024-05-03,4,1.49,2.236719219219219
2024-05-03,6,2.65,5.178677170035671
2024-05-03,7,2.4,3.64096875
2024-05-04,1,2.5,4.664337439343038
2024-05-04,2,3.15,8.862046138415247
2024-05-04,3,2.49,5.266432432432432
2024-05-04,4,1.49,2.220607196401799
2024-05-05,1,2.5,4.652
2024-05-05,2,3.15,8.862046138415247
2024-05-05,3,2.49,5.267582078022403
2024-05-05,4,1.49,2.2279281974569933
2024-05-05,6,2.65,5.163778966131907
2024-05-05,7,2.4,3.6401875
2024-05-06,1,2.5,4.65324294205052
2024-05-06,2,3.15,8.86259779338014
2024-05-06,3,2.49,5.2568742746615085
2024-05-06,4,1.49,2.2279281974569933
2024-05-06,6,2.4,3.1543178170144466
2024-05-06,7,2.4,3.641558915537018
2024-05-07,1,2.5,4.672623134328358
2024-05-07,2,3.15,8.86259779338014
2024-05-07,3,2.49,5.2577095403630745
2024-05-07,4,1.49,2.225992481203008
2024-05-07,6,2.65,5.176295745313895
2024-05-07,7,2.4,3.6403697916666666
2024-05-08,1,2.325,4.639085603112841
2024-05-08,2,3.15,8.801564207650273
2024-05-08,3,2.4,5.2471837524177944
2024-05-08,4,1.49,2.2182286146858443
2024-05-08,6,2.65,5.173345227475468
2024-05-08,7,2.45,3.645357702349869
2024-05-09,1,2.3,3.901822151647479
2024-05-09,2,3.15,8.838726541554959
2024-05-09,3,2.4,5.250092987214258
2024-05-09,4,1.49,2.234227828746177
2024-05-09,6,2.65,5.178098214285714
2024-05-09,7,2.45,3.6543939393939393
2024-05-10,1,2.3,4.67851689860835
2024-05-10,2,3.15,8.83677051926298
2024-05-10,3,2.4,5.245637349864394
2024-05-10,4,1.49,2.2417259651778956
2024-05-10,6,2.65,5.179540846750149
2024-05-10,7,2.4,3.652965699208443
2024-05-11,1,2.45,4.624363977485928
2024-05-11,2,3.15,8.827492457257794
2024-05-11,3,2.4,5.250194024058984
2024-05-11,4,1.49,2.2404334600760456
2024-05-11,6,2.65,5.174312965722802
2024-05-11,7,2.4,3.657862068965517
2024-05-12,1,2.4,4.621451068616423
2024-05-12,2,3.15,8.827492457257794
2024-05-12,3,2.4,5.251533385093168
2024-05-12,4,1.49,2.2595579268292685
2024-05-12,6,2.65,5.165596658711218
2024-05-12,7,2.4,3.659787460148778
2024-05-13,1,2.4,4.630364936042137
2024-05-13,2,3.15,8.827794166946028
2024-05-13,3,2.47,5.2519914596273285
2024-05-13,4,1.49,2.2595579268292685
2024-05-13,6,2.65,5.180959354453079
2024-05-13,7,2.5,3.676309081253319
2024-05-14,1,2.45,4.6255295891443655
2024-05-14,2,3.1,8.829755351681957
2024-05-14,3,2.47,5.250846273291925
2024-05-14,4,1.49,2.2587028657616894
2024-05-14,6,2.65,5.187742128935532
2024-05-14,7,2.5,3.676309081253319
2024-05-15,1,2.4,4.790717196414018
2024-05-15,2,3.135,8.773919919246298
2024-05-15,3,2.49,5.2552293934681185
2024-05-15,4,1.49,2.273591495823842
2024-05-15,6,2.65,5.181742899850523
2024-05-15,7,2.5,3.680941990420436
2024-05-16,1,2.4,4.616422397594889
2024-05-16,2,3.15,8.820613065326633
2024-05-16,3,2.49,5.261919781931464
2024-05-16,4,1.49,2.27104134762634
2024-05-16,6,2.65,5.185676241771394
2024-05-16,7,2.5,3.6872741849278463
2024-05-17,1,2.4,4.62018045112782
2024-05-17,2,3.15,8.850721544715448
2024-05-17,3,2.49,5.261919781931464
2024-05-17,4,1.49,2.2721461187214613
2024-05-17,6,2.65,5.190197782439316
2024-05-17,7,2.5,3.6821108742004265
2024-05-18,1,2.25,3.855906362545018
2024-05-18,2,3.15,8.84554732233075
2024-05-18,3,2.49,5.261530373831776
2024-05-18,4,1.49,2.2724655436447168
2024-05-18,6,2.65,5.201833232992174
2024-05-18,7,2.5,3.6803413333333337
2024-05-19,1,2.4,4.622933433621662
2024-05-19,2,3.15,8.84554732233075
2024-05-19,3,2.49,5.261530373831776
2024-05-19,4,1.49,2.2725497702909645
2024-05-19,6,2.4,3.1526822392267415
2024-05-19,7,2.5,3.6719413333333337
2024-05-20,1,2.25,3.8241016406562625
2024-05-20,2,3.15,8.854724091520861
2024-05-20,3,2.49,5.246510903426792
2024-05-20,4,1.49,2.2610432766615145
2024-05-20,6,2.65,5.189433623014684
2024-05-20,7,2.5,3.6556952583910496
2024-05-21,1,2.425,4.633916981132075
2024-05-21,2,3.15,8.883197794624397
2024-05-21,3,2.49,5.2429540140296185
2024-05-21,4,1.49,2.2515259488768398
2024-05-21,6,2.65,5.190871918220084
2024-05-21,7,2.5,3.6559616409163556
2024-05-22,1,2.4,4.628555765595463
2024-05-22,2,3.15,8.983592069892474
2024-05-22,3,2.49,5.149324746291959
2024-05-22,4,1.49,2.2456788207913108
2024-05-22,6,2.65,5.170795318127251
2024-05-22,7,2.5,3.643129324108568
2024-05-23,1,2.4,4.592915407854985
2024-05-23,2,3.15,8.98827168796234
2024-05-23,3,2.49,5.155865572489254
2024-05-23,4,1.49,2.2454756380510443
2024-05-23,6,2.65,5.1757258791704235
2024-05-23,7,2.49,3.6311811865312666
2024-05-24,1,2.4,4.591224027200604
2024-05-24,2,3.15,8.995695052170985
2024-05-24,3,2.49,5.1549375
2024-05-24,4,1.49,2.2415931941221965
2024-05-24,6,2.65,5.168198739117383
2024-05-24,7,2.45,3.6351927194860814
2024-05-25,1,2.45,4.654212567882079
2024-05-25,2,3.15,8.993677658142664
2024-05-25,3,2.49,5.154999999999999
2024-05-25,4,1.49,2.245419906687403
2024-05-25,6,2.65,5.167012909036325
2024-05-25,7,2.5,3.63735435595938
2024-05-26,1,2.4,4.5908616780045355
2024-05-26,2,3.15,8.993677658142664
2024-05-26,3,2.49,5.157232212666146
2024-05-26,4,1.49,2.2321060842433695
2024-05-26,6,2.65,5.153438249400479
2024-05-26,7,2.495,3.6370267379679144
2024-05-27,1,2.4,4.575944214097248
2024-05-27,2,3.15,8.995695052170985
2024-05-27,3,2.45,5.14187109375
2024-05-27,4,1.49,2.2271205007824726
2024-05-27,6,2.65,5.158351879699248
2024-05-27,7,2.495,3.6236012861736335
2024-05-28,1,2.4,4.598794541319181
2024-05-28,2,3.15,8.996367003367004
2024-05-28,3,2.45,5.146361860101602
2024-05-28,4,1.49,2.2231245105716524
2024-05-28,6,2.65,5.146180618061806
2024-05-28,7,2.5,3.6261633530360022
2024-05-29,1,2.4,4.570235472844664
2024-05-29,2,3.15,8.996821548821549
2024-05-29,3,2.47,5.1341093749999995
2024-05-29,4,1.49,2.218756841282252
2024-05-29,6,2.65,5.140186186186186
2024-05-29,7,2.5,3.625678284182306
2024-05-30,1,2.4,4.601213164944508
2024-05-30,2,3.15,9.029578699022581
2024-05-30,3,2.49,5.136717467760844
2024-05-30,4,1.49,2.2183659108678655
2024-05-30,6,2.65,5.147391826923077
2024-05-30,7,2.5,3.6251690821256037
2024-05-31,1,2.4,4.605158850226929
2024-05-31,2,3.15,9.03285906945381
2024-05-31,3,2.49,5.13653125
2024-05-31,4,1.49,2.221896551724138
2024-05-31,6,2.65,5.166302192850706
2024-05-31,7,2.5,3.6233548387096772
2024-06-01,1,2.4,4.693406461906662
2024-06-01,2,3.15,9.04252027027027
2024-06-01,3,2.45,5.117919436840047
2024-06-01,4,1.49,2.2501484375
2024-06-01,6,2.65,5.127238124238732
2024-06-01,7,2.45,3.6185119047619048
2024-06-02,1,2.5,4.682958555601149
2024-06-02,2,3.15,8.92369304556355
2024-06-02,3,2.49,5.112933803368586
2024-06-02,4,1.49,2.2501484375
2024-06-02,6,2.65,5.152709522379093
2024-06-02,7,2.45,3.6185119047619048
2024-06-03,1,2.45,4.7088014527845035
2024-06-03,2,3.15,9.01531367843675
2024-06-03,3,2.49,5.1217716073523665
2024-06-03,4,1.49,2.2329858934169278
2024-06-03,6,2.65,5.165672268907564
2024-06-03,7,2.5,3.624754186925986
2024-06-04,1,2.495,4.648408916218294
2024-06-04,2,3.15,8.986316323082121
2024-06-04,3,2.49,5.123169014084507
2024-06-04,4,1.49,2.225495283018868
2024-06-04,6,2.65,5.164366917293234
2024-06-04,7,2.5,3.6275270562770565
2024-06-05,1,2.495,4.646383141762452
2024-06-05,2,3.15,8.925070898041865
2024-06-05,3,2.49,5.112597809076682
2024-06-05,4,1.49,2.255321821036107
2024-06-05,6,2.65,5.147616471295461
2024-06-05,7,2.5,3.6208225108225105
2024-06-06,1,2.45,4.752786617707058
2024-06-06,2,3.15,8.926734211415063
2024-06-06,3,2.49,5.114659090909091
2024-06-06,4,1.49,2.2374231678486995
2024-06-06,6,2.65,5.161617780465679
2024-06-06,7,2.5,3.6280043266630613
2024-06-07,1,2.5,4.6386551724137925
2024-06-07,2,3.15,8.942925586136594
2024-06-07,3,2.49,5.109655442443226
2024-06-07,4,1.49,2.2568759811616954
2024-06-07,6,2.65,5.179389359129383
2024-06-07,7,2.5,3.627745945945946
2024-06-08,1,2.5,4.6473051823416505
2024-06-08,2,3.15,8.906708432102945
2024-06-08,3,2.49,5.110873824451411
2024-06-08,4,1.49,2.2315543219666933
2024-06-08,6,2.65,5.168555018137848
2024-06-08,7,2.5,3.628082117774176
2024-06-09,1,2.5,4.638831865185752
2024-06-09,2,3.15,8.926734211415063
2024-06-09,3,2.49,5.110873824451411
2024-06-09,4,1.49,2.239756690997567
2024-06-09,6,2.65,5.168524788391777
2024-06-09,7,2.5,3.628082117774176
2024-06-10,1,2.45,4.691664025356577
2024-06-10,2,3.15,8.919743329956097
2024-06-10,3,2.49,5.100560564484516
2024-06-10,4,1.49,2.233697545526524
2024-06-10,6,2.65,5.1622299336149675
2024-06-10,7,2.5,3.628001080497029
2024-06-11,1,2.5,4.647593869731801
2024-06-11,2,3.15,8.904976158038147
2024-06-11,3,2.49,5.103094117647059
2024-06-11,4,1.49,2.218410174880763
2024-06-11,6,2.9,2.9061971830985915
2024-06-11,7,2.5,3.6391958985429036
2024-06-12,1,2.45,4.652801571709234
2024-06-12,2,3.15,8.925543918918919
2024-06-12,3,2.49,5.113541421279938
2024-06-12,4,1.49,2.2206101426307447
2024-06-12,6,2.65,5.176242057488653
2024-06-12,7,2.5,3.632683585313175
2024-06-13,1,2.5,4.644836977368623
2024-06-13,2,3.15,8.950156143923964
2024-06-13,3,2.49,5.101739472648564
2024-06-13,4,1.49,2.201046325878594
2024-06-13,6,2.65,5.167376207729468
2024-06-13,7,2.5,3.633845321795565
2024-06-14,1,2.495,4.744850081037278
2024-06-14,2,3.15,8.934229195088676
2024-06-14,3,2.49,5.102470449172577
2024-06-14,4,1.49,2.2221929824561406
2024-06-14,6,2.65,5.155110371938313
2024-06-14,7,2.5,3.632073832790445
2024-06-15,1,2.5,4.652429726607624
2024-06-15,2,3.15,8.936202661207778
2024-06-15,3,2.49,5.090780449349626
2024-06-15,4,1.49,2.2005905826017558
2024-06-15,6,2.65,5.1660308810172575
2024-06-15,7,2.5,3.633241042345277
2024-06-16,1,2.5,4.652912024587015
2024-06-16,2,3.15,8.936202661207778
2024-06-16,3,2.49,5.085367008681926
2024-06-16,4,1.49,2.2254947707160095
2024-06-16,6,2.65,5.174352189781022
2024-06-16,7,2.5,3.6335032537960954
2024-06-17,1,2.45,4.713772908366534
2024-06-17,2,3.15,8.93633913340157
2024-06-17,3,2.49,5.070774703557312
2024-06-17,4,1.49,2.2344588045234253
2024-06-17,6,2.65,5.1564542434309875
2024-06-17,7,2.5,3.62985884907709
2024-06-18,1,2.5,4.663182521268368
2024-06-18,3,2.49,5.068422924901186
2024-06-18,4,1.49,2.2330154849225754
2024-06-18,6,2.65,5.163273827534039
2024-06-18,7,2.5,3.62985884907709
2024-06-19,1,2.5,4.751228282828283
2024-06-19,3,2.49,5.183391304347826
2024-06-19,4,1.49,2.230057189542484
2024-06-19,6,2.65,5.17102789569436
2024-06-20,1,2.5,4.859950454170107
2024-06-20,3,2.49,5.180521739130435
2024-06-20,4,1.49,2.2254464285714284
2024-06-20,6,2.65,5.176223776223776
2024-06-21,1,2.5,4.704292325491708
2024-06-21,3,2.49,5.1865188118811885
2024-06-21,4,1.49,2.2046867371847028
2024-06-21,6,2.65,5.169951485748939
2024-06-22,1,2.5,4.697167563412759
2024-06-22,3,2.49,5.187776456599287
2024-06-22,4,1.49,2.245226171243942
2024-06-22,6,2.65,5.15461445051609
2024-06-23,1,2.5,4.698219230769231
2024-06-23,2,3.15,8.838251533742332
2024-06-23,3,2.49,5.18992463308211
2024-06-23,4,1.49,2.243656351791531
2024-06-23,6,2.65,5.144572119745993
2024-06-24,1,2.5,4.701953004622497
2024-06-24,3,2.49,5.209186507936508
2024-06-24,4,1.49,2.2453839869281045
2024-06-24,6,2.65,5.143187178711823
2024-06-25,1,2.4,4.282441222570533
2024-06-25,2,3.15,8.838251533742332
2024-06-25,3,2.49,5.210460500198491
2024-06-25,4,1.49,2.2353852459016395
2024-06-25,6,2.65,5.056491603053435
2024-06-26,1,2.3,3.9547222222222227
2024-06-26,3,2.49,5.230809845176657
2024-06-26,4,1.49,2.2101726973684213
2024-06-26,6,2.75,5.371108196721311
2024-06-27,1,2.5,4.705365570599613
2024-06-27,2,3.15,8.874989768076398
2024-06-27,3,2.49,5.230782056371576
2024-06-27,4,1.49,2.2063390663390665
2024-06-27,6,2.75,5.359368041912246
2024-06-28,1,2.45,4.710236159504452
2024-06-28,2,3.15,8.916585034013606
2024-06-28,3,2.49,5.2257590170432024
2024-06-28,4,1.49,2.2396408163265304
2024-06-28,6,2.75,5.364528364116095
2024-06-29,1,2.5,4.724136186770428
2024-06-29,2,3.15,8.85036214554151
2024-06-29,3,2.49,5.228782229274097
2024-06-29,4,1.49,2.2457224025974027
2024-06-30,1,2.5,4.748846761453397
2024-06-30,3,2.49,5.230385226370135
2024-06-30,4,1.49,2.2536048387096774
2024-07-01,1,2.5,4.702779291553134
2024-07-01,2,3.15,8.84873932353946
2024-07-01,3,2.49,5.228661354581673
2024-07-01,4,1.49,2.25033064516129
2024-07-01,6,2.7,5.237480842911878
2024-07-02,1,2.5,4.719641291351136
2024-07-02,2,3.15,8.86144858216604
2024-07-02,3,2.49,5.2298286169788755
2024-07-02,4,1.49,2.229165991902834
2024-07-02,6,2.65,5.162219186399514
2024-07-03,1,2.5,4.758889336016097
2024-07-03,3,2.49,5.233666799521722
2024-07-03,4,1.49,2.2283589329021827
2024-07-03,6,2.65,5.16196179502729
2024-07-04,1,2.5,4.771345381526104
2024-07-04,3,2.49,5.234298245614036
2024-07-04,4,1.49,2.238480909829407
2024-07-04,6,2.65,5.158812481066344
2024-07-05,1,2.5,4.710869056897896
2024-07-05,2,3.15,9.004542662116041
2024-07-05,3,2.49,5.230207171314741
2024-07-05,4,1.49,2.2198455284552843
2024-07-05,6,2.65,5.147196406443618
2024-07-06,1,2.5,4.716842723004695
2024-07-06,2,3.15,9.006899965858654
2024-07-06,3,2.49,5.230151394422311
2024-07-06,4,1.49,2.217959677419355
2024-07-06,6,2.65,5.173989037758831
2024-07-07,1,2.25,3.623119341563786
2024-07-07,3,2.49,5.231139896373057
2024-07-07,4,1.49,2.22928283642224
2024-07-07,6,2.65,5.166726334951456
2024-07-08,1,2.45,4.689250877877487
2024-07-08,2,2.0,8.117090909090908
2024-07-08,3,2.49,5.219856630824372
2024-07-08,4,1.49,2.2352950955943474
2024-07-08,6,2.65,5.1659175007582645
2024-07-09,1,2.45,4.697830996884735
2024-07-09,2,3.15,9.00758538251366
2024-07-09,3,2.45,5.218966892700439
2024-07-09,4,1.49,2.2021584478577205
2024-07-09,6,2.65,5.174349013657056
2024-07-10,1,2.45,4.702514619883042
2024-07-10,3,2.49,5.220694610778443
2024-07-10,4,1.49,2.21616
2024-07-10,6,2.65,5.181018237082067
2024-07-11,1,2.5,4.773909382518043
2024-07-11,3,2.49,5.233611892326235
2024-07-11,4,1.49,2.235791567223548
2024-07-11,6,2.65,5.171200000000001
2024-07-12,1,2.45,4.696457765667575
2024-07-12,2,3.15,9.002888357801297
2024-07-12,3,2.49,5.232533172496984
2024-07-12,4,1.49,2.242844621513944
2024-07-12,6,2.65,5.171019166413142
2024-07-13,1,2.4,4.733403119868637
2024-07-13,2,3.15,9.006861063464838
2024-07-13,3,2.49,5.234202256244964
2024-07-13,4,1.49,2.2415580286168524
2024-07-13,6,2.65,5.171834806461445
2024-07-14,1,2.5,4.701873767258383
2024-07-14,3,2.49,5.229248484848485
2024-07-14,4,1.49,2.2323520126282554
2024-07-14,6,2.65,5.170377933556842
2024-07-15,1,2.5,4.70964664310954
2024-07-15,2,3.15,8.988358413132694
2024-07-15,3,2.49,5.253926405175899
2024-07-15,4,1.49,2.2226332537788385
2024-07-15,6,2.65,5.168460133901401
2024-07-16,1,2.5,4.758274193548387
2024-07-16,2,3.15,8.984613543091655
2024-07-16,3,2.49,5.253926405175899
2024-07-16,4,1.49,2.220496
2024-07-16,6,2.65,5.164346634176058
2024-07-17,1,2.5,4.698681318681318
2024-07-17,3,2.49,5.216828478964401
2024-07-17,4,1.49,2.223583399840383
2024-07-17,6,2.65,5.1720956442278405
2024-07-18,1,2.5,4.75249902075989
2024-07-18,2,3.15,9.124319425444597
2024-07-18,3,2.49,5.226446782679077
2024-07-18,4,1.49,2.2344720000000002
2024-07-18,6,2.65,5.151521805428485
2024-07-19,1,2.5,4.747253134796238
2024-07-19,3,2.49,5.225202265372168
2024-07-19,4,1.49,2.2341713370696556
2024-07-19,6,2.65,5.1682523678582335
2024-07-20,1,2.5,4.757869496855346
2024-07-20,2,3.15,9.115196985268927
2024-07-20,3,2.49,5.226305139619588
2024-07-20,4,1.49,2.2582
2024-07-20,6,2.65,5.169868259803922
2024-07-21,1,2.5,4.715100321027288
2024-07-21,2,3.15,9.113102739726028
2024-07-21,3,2.49,5.229367653019862
2024-07-21,4,1.49,2.253755980861244
2024-07-21,6,2.65,5.16849357011635
2024-07-22,1,2.5,4.707986361813076
2024-07-22,2,3.15,9.113102739726028
2024-07-22,3,2.49,5.238949716139497
2024-07-22,4,1.49,2.2426842948717947
2024-07-22,6,2.65,5.16552298673249
2024-07-23,1,2.5,4.7063950220794855
2024-07-23,2,3.15,9.106469380773177
2024-07-23,3,2.49,5.241806006493507
2024-07-23,4,1.49,2.2297342995169083
2024-07-23,6,2.65,5.169191424196018
2024-07-24,1,2.5,4.758720062819003
2024-07-24,2,3.15,9.107208347588093
2024-07-24,3,2.5,5.220215184734064
2024-07-24,4,1.49,2.2466265060240964
2024-07-24,6,2.65,5.1605776283618585
2024-07-25,1,2.5,4.761152635719906
2024-07-25,3,2.5,5.214249694997966
2024-07-25,4,1.49,2.245841346153846
2024-07-25,6,2.65,5.1742108508014795
2024-07-26,1,2.5,4.740631662060798
2024-07-26,2,3.15,9.094582477754962
2024-07-26,3,2.495,5.214743694060211
2024-07-26,4,1.49,2.2235228182546036
2024-07-26,6,2.65,5.174995400183993
2024-07-27,1,2.5,4.765732283464566
2024-07-27,2,3.125,9.010640055058499
2024-07-27,3,2.49,5.216669381107492
2024-07-27,4,1.49,2.236690763052209
2024-07-27,6,2.65,5.185377271327378
2024-07-28,1,2.5,4.7707255520504726
2024-07-28,3,2.49,5.2176609616951914
2024-07-28,4,1.49,2.24655421686747
2024-07-28,6,2.65,5.184206153846153
2024-07-29,1,2.4,4.781795501022494
2024-07-29,3,2.45,5.187913786091907
2024-07-29,4,1.49,2.2382811244979917
2024-07-29,6,2.65,5.184887726853276
2024-07-30,1,2.5,4.759471593166468
2024-07-30,2,3.1,8.98075569358178
2024-07-30,3,2.45,5.187864985766572
2024-07-30,4,1.49,2.2434863123993556
2024-07-30,6,2.65,5.182613776137762
2024-07-31,1,2.5,4.713131392604249
2024-07-31,3,2.5,5.187077737077737
2024-07-31,4,1.49,2.2132016129032257
2024-07-31,6,2.65,5.184709141274238
2024-08-01,1,2.5,4.714492924528302
2024-08-01,2,3.0,8.92801733102253
2024-08-01,3,2.5,5.188745928338762
2024-08-01,4,1.49,2.22032310177706
2024-08-01,6,2.65,5.183190769230769
2024-08-02,1,2.5,4.702729793977813
2024-08-02,2,3.0,8.956706938211944
2024-08-02,3,2.5,5.188822810590631
2024-08-02,4,1.49,2.219847020933978
2024-08-02,6,2.65,5.097551572539736
2024-08-03,1,2.5,4.716080760095012
2024-08-03,3,2.5,5.189600163198694
2024-08-03,4,1.49,2.219847020933978
2024-08-03,6,2.65,5.144467162329616
2024-08-04,1,2.5,4.714582178217822
2024-08-04,2,3.0,8.770131034482759
2024-08-04,3,2.5,5.189600163198694
2024-08-04,4,1.49,2.219847020933978
2024-08-04,6,2.65,5.176860036832412
2024-08-05,1,2.5,4.726354166666667
2024-08-05,3,2.5,5.198376172990616
2024-08-05,4,1.49,2.219847020933978
2024-08-05,6,2.65,5.183552064078866
2024-08-06,1,2.5,4.7260280561122245
2024-08-06,2,3.0,8.790430737422469
2024-08-06,3,2.5,5.198902936378466
2024-08-06,4,1.49,2.2034552845528457
2024-08-06,6,2.65,5.160778222085511
2024-08-07,1,2.5,4.722829504232164
2024-08-07,3,2.5,5.228126530612244
2024-08-07,4,1.49,2.20230081300813
2024-08-07,6,2.65,5.164797777091694
2024-08-08,1,2.5,4.711270032051282
2024-08-08,3,2.5,5.229477551020408
2024-08-08,4,1.49,2.22230081300813
2024-08-08,6,2.65,5.162061728395062
2024-08-09,1,2.5,4.718200319233839
2024-08-09,3,2.5,5.232058823529412
2024-08-09,4,1.49,2.231504424778761
2024-08-09,6,2.65,5.151365177195686
2024-08-10,1,2.5,4.814860197368421
2024-08-10,2,3.0,8.850338514680484
2024-08-10,3,2.5,5.2330662305805395
2024-08-10,4,1.49,2.2292233787029625
2024-08-10,6,2.65,5.167414860681115
2024-08-11,1,2.5,4.731557148546396
2024-08-11,3,2.5,5.236407528641571
2024-08-11,4,1.49,2.2243990384615384
2024-08-12,1,2.5,4.7385766275778405
2024-08-12,2,3.0,8.850545391784605
2024-08-12,3,2.5,5.241194762684124
2024-08-12,4,1.49,2.216310289389068
2024-08-12,6,2.65,5.155841035120148
2024-08-13,1,2.5,4.738705553335997
2024-08-13,3,2.5,5.24555692055692
2024-08-13,4,1.49,2.21798873692679
2024-08-13,6,2.65,5.132169753086419
2024-08-14,1,2.5,4.748116987179487
2024-08-14,2,3.0,8.864125389677866
2024-08-14,3,2.5,5.2555860655737705
2024-08-14,4,1.49,2.2281219903691816
2024-08-14,6,2.65,5.136535846724351
2024-08-15,1,2.25,3.5995739241585003
2024-08-15,3,2.5,5.254305612453912
2024-08-15,4,1.49,2.2043293172690763
2024-08-15,6,2.65,5.133862303179995
2024-08-16,1,2.5,4.6776824890307145
2024-08-16,2,3.0,8.862747826086958
2024-08-16,3,2.5,5.250675675675676
2024-08-16,4,1.49,2.2193613581244946
2024-08-16,6,2.65,5.14522480620155
2024-08-17,1,2.5,4.674914580850219
2024-08-17,2,3.0,7.7813231850117095
2024-08-17,3,2.5,5.256534044298606
2024-08-17,4,1.49,2.2197332255456748
2024-08-18,1,2.5,4.681532613045218
2024-08-18,3,2.5,5.256534044298606
2024-08-18,4,1.49,2.21242671009772
2024-08-18,6,2.65,5.153329184816428
2024-08-19,1,2.5,4.694772727272727
2024-08-19,2,3.0,8.894102920723226
2024-08-19,3,2.5,5.236769167691676
2024-08-19,4,1.49,2.2242903752039154
2024-08-19,6,2.5,2.722069825436409
2024-08-20,1,2.5,4.690024106066693
2024-08-20,3,2.5,5.233621466612044
2024-08-20,4,1.49,2.1880571428571427
2024-08-21,1,2.5,4.679351481184948
2024-08-21,2,3.0,8.909030576789437
2024-08-21,3,2.5,5.241316113161131
2024-08-21,4,1.49,2.1880571428571427
2024-08-22,1,2.5,4.692809485530546
2024-08-22,2,2.75,6.9632173447537475
2024-08-22,3,2.5,5.2299999999999995
2024-08-22,4,1.49,2.1875673469387755
2024-08-23,1,2.5,4.69189939637827
2024-08-23,3,2.5,5.22797131147541
2024-08-23,4,1.49,2.2091190864600327
2024-08-24,1,2.5,4.668400483481063
2024-08-24,2,3.0,8.980083974807558
2024-08-24,3,2.5,5.229749897498976
2024-08-24,4,1.49,2.2222528363047003
2024-08-25,1,2.5,4.666889874949576
2024-08-25,2,3.0,8.980083974807558
2024-08-25,3,2.5,5.2309105824446265
2024-08-25,4,1.49,2.2161702127659573
2024-08-26,1,2.5,4.676476997578693
2024-08-26,3,2.5,5.243818703855619
2024-08-26,4,1.49,2.1899671862182117
2024-08-27,1,2.25,3.617332765232211
2024-08-27,2,3.0,8.98444561035327
2024-08-27,3,2.5,5.245746513535685
2024-08-27,4,1.49,2.2179622021364014
2024-08-27,6,2.65,5.140891304347826
2024-08-28,1,2.5,4.659173022882377
2024-08-28,2,3.0,8.98444561035327
2024-08-28,3,2.5,5.265529556650247
2024-08-28,4,1.49,2.1912078882497945
2024-08-28,6,2.65,5.1619181902696
2024-08-29,1,2.4,4.660938003220612
2024-08-29,2,3.0,8.059023010184836
2024-08-29,3,2.5,5.25925225965489
2024-08-29,4,1.49,2.1975246710526317
2024-08-29,6,2.65,5.070959075288972
2024-08-30,1,2.4,4.654338028169015
2024-08-30,2,3.0,8.828753937696884
2024-08-30,3,2.5,5.257708418891171
2024-08-30,4,1.49,2.184519309778143
2024-08-30,6,2.75,5.682997630331753
2024-08-31,1,2.4,4.657928254735993
2024-08-31,3,2.5,5.250517666392769
2024-08-31,4,1.49,2.2010500410172273
2024-09-01,1,2.25,3.576824769433465
2024-09-01,2,3.0,8.853548951048952
2024-09-01,3,2.5,5.252490752157829
2024-09-01,4,1.49,2.2686095392077608
2024-09-01,6,2.5,3.6818679823069074
2024-09-02,1,2.45,4.661457913813934
2024-09-02,3,2.5,5.279173859432799
2024-09-02,4,1.49,2.2726860841423946
2024-09-02,6,2.69,5.181754440635712
2024-09-03,1,2.4,4.65661971830986
2024-09-03,2,3.0,8.85486013986014
2024-09-03,3,2.5,5.2794245787094125
2024-09-03,4,1.49,2.237467426710098
2024-09-03,6,2.6950000000000003,5.177184194150591
2024-09-04,1,2.4,4.646783413848632
2024-09-04,3,2.5,5.325298231180584
2024-09-04,4,1.49,2.206179591836735
2024-09-04,6,2.7,5.175529265255292
2024-09-05,1,2.4,4.657296102852551
2024-09-05,2,3.0,8.895355383532722
2024-09-05,3,2.5,5.325322912381736
2024-09-05,4,1.49,2.2155081967213115
2024-09-05,6,2.7,5.1782398753894086
2024-09-06,1,2.4,4.658004836759371
2024-09-06,3,2.5,5.316067461949815
2024-09-06,4,1.49,2.2155081967213115
2024-09-06,6,2.7,5.1699188007495325
2024-09-07,1,2.4,4.693832653061224
2024-09-07,2,3.0,8.908765432098765
2024-09-07,3,2.5,5.31946068340881
2024-09-07,4,1.49,2.262461161079313
2024-09-07,6,2.5,3.189237938596491
2024-09-08,1,2.4,4.670271364925071
2024-09-08,2,3.0,8.902448045086297
2024-09-08,3,2.5,5.318740222313709
2024-09-08,4,1.49,2.2594127243066886
2024-09-08,6,2.65,5.158864982850015
2024-09-09,1,2.4,4.677836304700162
2024-09-09,3,2.5,5.327273476112027
2024-09-09,4,1.49,2.2524386252045825
2024-09-09,6,2.65,5.027783328129878
2024-09-10,1,2.4,4.736453222453222
2024-09-10,2,3.0,8.906825229034531
2024-09-10,3,2.5,5.3295508858673255
2024-09-10,4,1.49,2.241595394736842
2024-09-10,6,2.65,5.13868877867328
2024-09-11,1,2.4,4.691571194762685
2024-09-11,3,2.5,5.339632989690722
2024-09-11,4,1.49,2.241595394736842
2024-09-11,6,2.65,5.140706976744186
2024-09-12,1,2.4,4.724916223947691
2024-09-12,3,2.5,5.341850783182193
2024-09-12,4,1.49,2.248109656301146
2024-09-12,6,2.65,5.143728287841191
2024-09-13,1,2.4,4.740812908496732
2024-09-13,2,3.0,7.424200600085727
2024-09-13,3,2.5,5.344919587628866
2024-09-13,4,1.49,2.245249386753884
2024-09-13,6,2.69,5.149372475924201
2024-09-14,1,2.4,4.806179822710004
2024-09-14,3,2.5,5.346806930693069
2024-09-14,4,1.49,2.2348205546492657
2024-09-14,6,2.7,5.157319974953037
2024-09-15,1,2.25,3.728698836708315
2024-09-15,3,2.5,5.347878662814693
2024-09-15,4,1.49,2.2180603096984512
2024-09-15,6,2.69,5.14421300659755
2024-09-16,1,2.4,4.738447357640311
2024-09-16,2,3.0,8.889443854055969
2024-09-16,3,2.5,5.349595709570957
2024-09-16,4,1.49,2.2331076672104406
2024-09-16,6,2.65,5.148689091480667
2024-09-17,1,2.4,4.739962840627581
2024-09-17,3,2.5,5.349620462046205
2024-09-17,4,1.49,2.204688013136289
2024-09-17,6,2.65,5.155433617155471
2024-09-18,1,2.45,4.792950680272109
2024-09-18,3,2.5,5.354723369116432
2024-09-18,4,1.49,2.18140625
2024-09-18,6,2.65,5.172930379746835
2024-09-19,1,2.4,4.73180837826628
2024-09-19,3,2.5,5.361145574855252
2024-09-19,4,1.49,2.216932565789474
2024-09-19,6,2.65,5.164398484370066
2024-09-20,1,2.49,4.749974884889075
2024-09-20,2,3.0,8.91022695035461
2024-09-20,3,2.5,5.3607612743069915
2024-09-20,4,1.49,2.2147783251231528
2024-09-20,6,2.65,5.182910589727331
2024-09-21,1,2.45,4.735145348837209
2024-09-21,2,3.0,8.946780505158307
2024-09-21,3,2.5,5.362136645962733
2024-09-21,4,1.49,2.238207236842105
2024-09-21,6,2.65,5.178158730158731
2024-09-22,1,2.4,4.746801670146138
2024-09-22,2,3.0,8.941841450408816
2024-09-22,3,2.5,5.363782104391052
2024-09-22,4,1.49,2.238207236842105
2024-09-22,6,2.65,5.171108640406607
2024-09-23,1,2.5,4.812645759717315
2024-09-23,2,2.85,6.867030023094689
2024-09-23,3,2.5,5.364875724937862
2024-09-23,4,1.49,2.26910102739726
2024-09-24,1,2.425,4.759169435215947
2024-09-24,2,3.0,8.94545932678822
2024-09-24,3,2.5,5.364875724937862
2024-09-24,4,1.49,2.247481840193705
2024-09-24,6,2.65,5.164416162901686
2024-09-25,1,2.45,4.733060884070058
2024-09-25,3,2.5,5.406632145816073
2024-09-25,4,1.49,2.2400973451327433
2024-09-25,6,2.65,5.170105062082139
2024-09-26,1,2.45,4.8579867841409685
2024-09-26,4,1.49,2.2548602878916175
2024-09-26,6,2.65,5.166388535031847
2024-09-27,1,2.49,4.766191677175284
2024-09-27,4,1.49,2.228321226795803
2024-09-27,6,2.65,5.1619090041361755
2024-09-28,1,2.45,4.737243401759531
2024-09-28,2,3.0,7.572609053497942
2024-09-28,4,1.49,2.265136217948718
2024-09-28,6,2.65,5.173355726167626
2024-09-29,1,2.45,4.735986218776916
2024-09-29,2,3.0,9.021311072056239
2024-09-29,4,1.49,2.241352
2024-09-29,6,2.65,5.1673716108452945
2024-09-30,1,2.45,4.7368515429524605
2024-09-30,4,1.49,2.236677393403057
2024-09-30,6,2.65,5.169705603038937
2024-10-01,1,2.45,4.731415053763441
2024-10-01,4,1.49,2.191965601965602
2024-10-01,6,2.5,3.148757588021044
2024-10-02,1,2.45,4.721608806096529
2024-10-02,2,3.0,9.028556846180923
2024-10-02,4,1.49,2.20826264274062
2024-10-02,5,2.5,4.622904222451082
2024-10-02,6,4.0,9.93404540763674
2024-10-03,1,2.49,4.74086156419908
2024-10-03,4,1.49,2.213766233766234
2024-10-03,5,2.5,4.619762519359835
2024-10-03,6,2.7,5.168032942667089
2024-10-04,1,2.25,3.6172114078768676
2024-10-04,2,3.0,9.009718309859155
2024-10-04,4,1.49,2.20468137254902
2024-10-04,5,2.49,4.637612403100776
2024-10-04,6,2.7,5.162691334598356
2024-10-05,1,2.4,4.7231875525651805
2024-10-05,4,1.49,2.20468137254902
2024-10-05,6,2.7,5.165552389996834
2024-10-06,1,2.45,4.733617200674536
2024-10-06,2,3.0,9.003922967189729
2024-10-06,4,1.49,2.20468137254902
2024-10-06,5,2.49,4.70927498705334
2024-10-06,6,2.6950000000000003,5.164392405063291
2024-10-07,1,2.4,4.735008445945946
2024-10-07,4,1.49,2.20468137254902
2024-10-07,5,2.49,4.6613412739513205
2024-10-07,6,2.69,5.162450205501107
2024-10-08,1,2.45,4.751938905388205
2024-10-08,4,1.49,2.1877187244480782
2024-10-09,1,2.4,4.716759142496848
2024-10-09,4,1.49,2.230466448445172
2024-10-09,5,2.45,4.684429460580913
2024-10-09,6,2.7,5.193717908082409
2024-10-10,1,2.25,3.6537274368231047
2024-10-10,4,1.49,2.2289344262295083
2024-10-10,5,2.49,4.772441025641026
2024-10-10,6,2.7,5.195932041918069
2024-10-11,1,2.49,4.625340957221517
2024-10-11,2,2.95,7.591514495889226
2024-10-11,4,1.49,2.2335126324368377
2024-10-11,5,2.49,4.766942446043165
2024-10-12,1,2.49,4.647210970464135
2024-10-12,4,1.49,2.254512987012987
2024-10-12,6,2.7,5.204545165394402
2024-10-13,1,2.49,4.644917825537294
2024-10-13,4,1.49,2.2340468497576738
2024-10-13,5,2.49,4.801779141104295
2024-10-13,6,2.7,5.195912269548633
2024-10-14,1,2.45,4.646981925178647
2024-10-14,2,3.0,9.069218194740582
2024-10-14,4,1.49,2.23177471636953
2024-10-14,5,2.45,4.7357798643714135
2024-10-14,6,2.7,5.202109945980299
2024-10-15,1,2.49,4.671265237494746
2024-10-15,4,1.49,2.243736799350122
2024-10-15,6,2.65,5.100427023581899
2024-10-16,1,2.4,4.67771855010661
2024-10-16,4,1.49,2.243736799350122
2024-10-17,1,2.35,4.734550241333919
2024-10-17,2,3.0,9.069786476868327
2024-10-17,3,1.85,2.248
2024-10-17,4,1.49,2.243736799350122
2024-10-17,5,2.49,4.081844001695633
2024-10-17,6,2.75,5.206597090449082
2024-10-18,1,2.45,4.550964270340077
2024-10-18,4,1.49,2.224105263157895
2024-10-18,6,2.725,5.210374841168996
2024-10-19,1,2.29,3.748280166435506
2024-10-19,3,1.85,2.248
2024-10-19,4,1.49,2.2227199354317997
2024-10-19,5,2.4,4.065419520547945
2024-10-19,6,2.65,5.393277545327755
2024-10-20,1,2.5,4.707098005939754
2024-10-20,2,3.0,9.082470546233488
2024-10-20,3,1.85,2.248
2024-10-20,4,1.49,2.2564153969526863
2024-10-20,5,2.49,4.085491698595146
2024-10-20,6,2.75,5.206381766381766
2024-10-21,1,2.5,4.716666666666667
2024-10-21,2,3.0,9.082559800071403
2024-10-21,3,1.85,2.248
2024-10-21,4,1.49,2.254048
2024-10-21,5,2.49,4.106937128292269
2024-10-21,6,2.75,5.20603164556962
2024-10-22,1,2.495,4.700828402366864
2024-10-22,3,1.55,1.5625
2024-10-22,4,1.49,2.243502415458937
2024-10-22,5,1.75,2.191532364597094
2024-10-22,6,2.75,5.211064301552107
2024-10-23,1,2.49,4.690618947368421
2024-10-23,4,1.49,2.2322588424437297
2024-10-23,5,2.49,4.117451476793249
2024-10-23,6,2.7,5.144445151033387
2024-10-24,1,2.49,4.688702451394759
2024-10-24,3,1.85,2.248
2024-10-24,4,1.45,2.2185598705501617
2024-10-24,5,2.49,4.093852008456659
2024-10-24,6,2.75,5.225890236119975
2024-10-25,1,2.45,4.7550392670157065
2024-10-25,4,1.45,2.198614262560778
2024-10-25,6,2.65,4.935396927016646
2024-10-26,1,2.45,4.677013041649138
2024-10-26,3,1.85,2.248
2024-10-26,4,1.45,2.2098058252427184
2024-10-26,5,2.49,4.144679595278246
2024-10-27,1,2.49,4.683125263601856
2024-10-27,4,1.49,2.2351329572925063
2024-10-27,5,2.49,4.214073448712536
2024-10-28,1,2.45,4.776831858407079
2024-10-28,2,3.0,9.15666070150322
2024-10-28,3,1.85,2.248
2024-10-28,4,1.45,2.2315453074433655
2024-10-28,6,2.7,5.211292080795126
2024-10-29,1,2.49,4.667645065650148
2024-10-29,4,1.45,2.229650406504065
2024-10-29,5,2.49,4.1688987341772155
2024-10-29,6,2.7,5.194686708860759
2024-10-30,1,2.49,4.689493457154918
2024-10-30,3,1.55,2.185
2024-10-30,4,1.45,2.227510137875101
2024-10-30,5,2.49,4.227646033129904
2024-10-30,6,2.75,5.198169459374013
2024-10-31,1,2.425,4.674467455621302
2024-10-31,3,1.85,2.248
2024-10-31,4,1.45,2.1997952497952498
2024-10-31,5,2.49,4.190774736842105
2024-10-31,6,2.75,5.230179775280899
2024-11-01,1,2.45,4.7107011543394615
2024-11-01,2,3.0,8.987402084081925
2024-11-01,3,1.85,2.248
2024-11-01,4,1.45,2.185540211210398
2024-11-01,5,2.49,4.236077604386335
2024-11-01,6,2.75,5.2300287631831255
2024-11-02,1,2.45,4.713924957841484
2024-11-02,4,1.45,2.216437908496732
2024-11-03,1,2.45,4.724381073088297
2024-11-03,4,1.45,2.2200732302685107
2024-11-04,1,2.47,4.8583621474067336
2024-11-04,3,1.85,2.248
2024-11-04,4,1.45,2.2337286758732735
2024-11-04,5,2.5,4.309664570230607
2024-11-04,6,2.75,5.23356647763075
2024-11-05,1,2.35,4.736407471763683
2024-11-05,2,3.0,8.952224218469278
2024-11-05,4,1.45,2.263077551020408
2024-11-05,6,2.75,5.227863894139887
2024-11-06,1,2.4,4.729290840016885
2024-11-06,2,3.0,8.92145441389291
2024-11-06,3,1.85,2.248
2024-11-06,4,1.39,2.2427175697865356
2024-11-06,5,2.5,4.346282963583089
2024-11-06,6,2.75,5.227263556116015
2024-11-07,1,2.49,4.723686655405405
2024-11-07,3,1.85,2.248
2024-11-07,4,1.45,2.2733169533169533
2024-11-08,1,2.49,4.739042598059891
2024-11-08,2,3.0,8.920245842371656
2024-11-08,4,1.45,2.269926590538336
2024-11-08,5,2.5,4.360848739495798
2024-11-08,6,2.75,5.2464439518682715
2024-11-09,1,2.49,4.738138163437236
2024-11-09,3,1.85,2.248
2024-11-09,4,1.45,2.2809504467912265
2024-11-09,5,2.5,4.361573646663869
2024-11-09,6,2.75,5.240531645569621
2024-11-10,1,2.49,4.740298821548822
2024-11-10,2,3.0,8.933297022512708
2024-11-10,3,1.85,2.248
2024-11-10,4,1.45,2.281767100977199
2024-11-10,6,2.75,5.242327422419253
2024-11-11,1,2.49,4.738954027836356
2024-11-11,2,3.0,8.933297022512708
2024-11-11,4,1.45,2.28553295362083
2024-11-11,5,2.5,4.401016736401674
2024-11-11,6,2.75,5.240578930718128
2024-11-12,1,2.45,4.744389312977099
2024-11-12,4,1.45,2.303758064516129
2024-11-12,5,2.0,2.8513329040566644
2024-11-12,6,2.75,5.237829383886256
