MSOA_code,MSOA name,Local authority code,Local authority name,Region code,Region name,Net annual income (£),Upper confidence limit (£),Lower confidence limit (£),Confidence interval (£),Average
E02000166,Camden 001,E09000007,Camden,E12000007,London,46100,53500,39700,13800,46600
E02000167,Camden 002,E09000007,Camden,E12000007,London,59200,70000,50000,20000,60000
E02000168,Camden 003,E09000007,Camden,E12000007,London,48200,55800,41700,14100,48750
E02000169,Camden 004,E09000007,Camden,E12000007,London,62400,73800,52700,21100,63250
E02000170,Camden 005,E09000007,Camden,E12000007,London,52700,61200,45400,15800,53300
E02000171,Camden 006,E09000007,Camden,E12000007,London,55000,64300,47100,17200,55700
E02000172,Camden 007,E09000007,Camden,E12000007,London,42100,48900,36200,12700,42550
E02000173,Camden 008,E09000007,Camden,E12000007,London,57600,67800,48900,18900,58350
E02000174,Camden 009,E09000007,Camden,E12000007,London,42600,49400,36800,12600,43100
E02000175,Camden 010,E09000007,Camden,E12000007,London,51500,60100,44100,16000,52100
E02000176,Camden 011,E09000007,Camden,E12000007,London,55800,65900,47300,18600,56600
E02000177,Camden 012,E09000007,Camden,E12000007,London,41100,47800,35400,12400,41600
E02000178,Camden 013,E09000007,Camden,E12000007,London,40900,47500,35300,12200,41400
E02000179,Camden 014,E09000007,Camden,E12000007,London,49400,57800,42200,15600,50000
E02000180,Camden 015,E09000007,Camden,E12000007,London,44200,51100,38300,12800,44700
E02000181,Camden 016,E09000007,Camden,E12000007,London,60100,70700,51200,19500,60950
E02000182,Camden 017,E09000007,Camden,E12000007,London,49300,57500,42200,15300,49850
E02000183,Camden 018,E09000007,Camden,E12000007,London,50500,59400,42900,16500,51150
E02000184,Camden 019,E09000007,Camden,E12000007,London,40800,47100,35300,11800,41200
E02000185,Camden 020,E09000007,Camden,E12000007,London,37900,43900,32700,11200,38300
E02000186,Camden 021,E09000007,Camden,E12000007,London,46100,53800,39500,14300,46650
E02000187,Camden 022,E09000007,Camden,E12000007,London,37800,43900,32600,11300,38250
E02000188,Camden 023,E09000007,Camden,E12000007,London,37200,43000,32100,10900,37550
E02000189,Camden 024,E09000007,Camden,E12000007,London,38000,44200,32700,11500,38450
E02000190,Camden 025,E09000007,Camden,E12000007,London,37600,43700,32400,11300,38050
E02000191,Camden 026,E09000007,Camden,E12000007,London,47800,56300,40600,15700,48450
E02000192,Camden 027,E09000007,Camden,E12000007,London,43000,49900,37000,12900,43450
E02000193,Camden 028,E09000007,Camden,E12000007,London,44500,52000,38100,13900,45050
E02000001,City of London 001,E09000001,City of London,E12000007,London,62700,74900,52500,22400,63700
E02000345,Hackney 001,E09000012,Hackney,E12000007,London,34600,40500,29500,11000,35000
E02000346,Hackney 002,E09000012,Hackney,E12000007,London,40900,47200,35400,11800,41300
E02000347,Hackney 003,E09000012,Hackney,E12000007,London,36000,41900,31000,10900,36450
E02000348,Hackney 004,E09000012,Hackney,E12000007,London,32700,37900,28100,9800,33000
E02000350,Hackney 006,E09000012,Hackney,E12000007,London,43500,50300,37600,12700,43950
E02000351,Hackney 007,E09000012,Hackney,E12000007,London,45300,52400,39200,13200,45800
E02000352,Hackney 008,E09000012,Hackney,E12000007,London,45400,52600,39100,13500,45850
E02000353,Hackney 009,E09000012,Hackney,E12000007,London,48500,56100,41900,14200,49000
E02000354,Hackney 010,E09000012,Hackney,E12000007,London,36500,42100,31600,10500,36850
E02000355,Hackney 011,E09000012,Hackney,E12000007,London,41800,48200,36200,12000,42200
E02000356,Hackney 012,E09000012,Hackney,E12000007,London,47900,55500,41400,14100,48450
E02000357,Hackney 013,E09000012,Hackney,E12000007,London,34200,39600,29500,10100,34550
E02000358,Hackney 014,E09000012,Hackney,E12000007,London,41700,48200,36100,12100,42150
E02000359,Hackney 015,E09000012,Hackney,E12000007,London,42500,49100,36800,12300,42950
E02000360,Hackney 016,E09000012,Hackney,E12000007,London,37100,42800,32100,10700,37450
E02000361,Hackney 017,E09000012,Hackney,E12000007,London,40800,47100,35300,11800,41200
E02000362,Hackney 018,E09000012,Hackney,E12000007,London,37900,43800,32900,10900,38350
E02000363,Hackney 019,E09000012,Hackney,E12000007,London,33700,38900,29100,9800,34000
E02000364,Hackney 020,E09000012,Hackney,E12000007,London,45300,52600,39100,13500,45850
E02000365,Hackney 021,E09000012,Hackney,E12000007,London,44300,51300,38300,13000,44800
E02000366,Hackney 022,E09000012,Hackney,E12000007,London,40200,46700,34700,12000,40700
E02000367,Hackney 023,E09000012,Hackney,E12000007,London,45800,53000,39700,13300,46350
E02000368,Hackney 024,E09000012,Hackney,E12000007,London,38500,44500,33300,11200,38900
E02000369,Hackney 025,E09000012,Hackney,E12000007,London,44000,51000,38000,13000,44500
E02000370,Hackney 026,E09000012,Hackney,E12000007,London,43900,51100,37700,13400,44400
E02000371,Hackney 027,E09000012,Hackney,E12000007,London,44000,51100,37800,13300,44450
E02006918,Hackney 028,E09000012,Hackney,E12000007,London,35300,40900,30500,10400,35700
E02006921,Hackney 029,E09000012,Hackney,E12000007,London,32900,38000,28500,9500,33250
E02000372,Hammersmith and Fulham 001,E09000013,Hammersmith and Fulham,E12000007,London,38800,45200,33300,11900,39250
E02000373,Hammersmith and Fulham 002,E09000013,Hammersmith and Fulham,E12000007,London,34400,39800,29800,10000,34800
E02000374,Hammersmith and Fulham 003,E09000013,Hammersmith and Fulham,E12000007,London,46700,54100,40300,13800,47200
E02000375,Hammersmith and Fulham 004,E09000013,Hammersmith and Fulham,E12000007,London,42100,48700,36400,12300,42550
E02000376,Hammersmith and Fulham 005,E09000013,Hammersmith and Fulham,E12000007,London,43000,50200,36900,13300,43550
E02000377,Hammersmith and Fulham 006,E09000013,Hammersmith and Fulham,E12000007,London,43200,50000,37400,12600,43700
E02000378,Hammersmith and Fulham 007,E09000013,Hammersmith and Fulham,E12000007,London,47100,55200,40300,14900,47750
E02000379,Hammersmith and Fulham 008,E09000013,Hammersmith and Fulham,E12000007,London,50200,58200,43300,14900,50750
E02000380,Hammersmith and Fulham 009,E09000013,Hammersmith and Fulham,E12000007,London,55900,65800,47400,18400,56600
E02000381,Hammersmith and Fulham 010,E09000013,Hammersmith and Fulham,E12000007,London,51200,59900,43800,16100,51850
E02000382,Hammersmith and Fulham 011,E09000013,Hammersmith and Fulham,E12000007,London,51500,60100,44200,15900,52150
E02000383,Hammersmith and Fulham 012,E09000013,Hammersmith and Fulham,E12000007,London,49400,57800,42200,15600,50000
E02000384,Hammersmith and Fulham 013,E09000013,Hammersmith and Fulham,E12000007,London,42500,49600,36400,13200,43000
E02000385,Hammersmith and Fulham 014,E09000013,Hammersmith and Fulham,E12000007,London,51900,60700,44400,16300,52550
E02000386,Hammersmith and Fulham 015,E09000013,Hammersmith and Fulham,E12000007,London,39700,45900,34400,11500,40150
E02000387,Hammersmith and Fulham 016,E09000013,Hammersmith and Fulham,E12000007,London,43400,50200,37500,12700,43850
E02000388,Hammersmith and Fulham 017,E09000013,Hammersmith and Fulham,E12000007,London,47700,55800,40800,15000,48300
E02000389,Hammersmith and Fulham 018,E09000013,Hammersmith and Fulham,E12000007,London,57300,66700,49200,17500,57950
E02000390,Hammersmith and Fulham 019,E09000013,Hammersmith and Fulham,E12000007,London,46800,54700,40100,14600,47400
E02000391,Hammersmith and Fulham 020,E09000013,Hammersmith and Fulham,E12000007,London,51400,61400,43100,18300,52250
E02000392,Hammersmith and Fulham 021,E09000013,Hammersmith and Fulham,E12000007,London,50400,59000,43100,15900,51050
E02000393,Hammersmith and Fulham 022,E09000013,Hammersmith and Fulham,E12000007,London,56300,66300,47700,18600,57000
E02000394,Hammersmith and Fulham 023,E09000013,Hammersmith and Fulham,E12000007,London,46100,53600,39600,14000,46600
E02000395,Hammersmith and Fulham 024,E09000013,Hammersmith and Fulham,E12000007,London,57900,67800,49500,18300,58650
E02000396,Hammersmith and Fulham 025,E09000013,Hammersmith and Fulham,E12000007,London,52000,60700,44500,16200,52600
E02000397,Haringey 001,E09000014,Haringey,E12000007,London,42300,49700,36100,13600,42900
E02000398,Haringey 002,E09000014,Haringey,E12000007,London,32700,38100,28100,10000,33100
E02000400,Haringey 004,E09000014,Haringey,E12000007,London,48200,56100,41400,14700,48750
E02000401,Haringey 005,E09000014,Haringey,E12000007,London,36700,42600,31700,10900,37150
E02000402,Haringey 006,E09000014,Haringey,E12000007,London,35400,41100,30600,10500,35850
E02000403,Haringey 007,E09000014,Haringey,E12000007,London,46000,54500,38800,15700,46650
E02000404,Haringey 008,E09000014,Haringey,E12000007,London,44000,52500,36900,15600,44700
E02000405,Haringey 009,E09000014,Haringey,E12000007,London,55800,64700,48100,16600,56400
E02000406,Haringey 010,E09000014,Haringey,E12000007,London,42900,50400,36500,13900,43450
E02000407,Haringey 011,E09000014,Haringey,E12000007,London,37600,43600,32500,11100,38050
E02000408,Haringey 012,E09000014,Haringey,E12000007,London,35000,40600,30100,10500,35350
E02000409,Haringey 013,E09000014,Haringey,E12000007,London,36000,41800,30900,10900,36350
E02000410,Haringey 014,E09000014,Haringey,E12000007,London,55900,65200,47900,17300,56550
E02000411,Haringey 015,E09000014,Haringey,E12000007,London,36700,42600,31600,11000,37100
E02000412,Haringey 016,E09000014,Haringey,E12000007,London,39600,46500,33800,12700,40150
E02000413,Haringey 017,E09000014,Haringey,E12000007,London,52400,60500,45300,15200,52900
E02000414,Haringey 018,E09000014,Haringey,E12000007,London,44000,51400,37600,13800,44500
E02000415,Haringey 019,E09000014,Haringey,E12000007,London,45700,53900,38700,15200,46300
E02000416,Haringey 020,E09000014,Haringey,E12000007,London,42800,49500,37000,12500,43250
E02000417,Haringey 021,E09000014,Haringey,E12000007,London,56300,65700,48200,17500,56950
E02000418,Haringey 022,E09000014,Haringey,E12000007,London,55400,64500,47600,16900,56050
E02000419,Haringey 023,E09000014,Haringey,E12000007,London,45600,53300,39000,14300,46150
E02000420,Haringey 024,E09000014,Haringey,E12000007,London,38500,44900,33100,11800,39000
E02000421,Haringey 025,E09000014,Haringey,E12000007,London,35300,40800,30400,10400,35600
E02000422,Haringey 026,E09000014,Haringey,E12000007,London,37300,43300,32200,11100,37750
E02000423,Haringey 027,E09000014,Haringey,E12000007,London,46400,54500,39500,15000,47000
E02000424,Haringey 028,E09000014,Haringey,E12000007,London,47900,55400,41300,14100,48350
E02000425,Haringey 029,E09000014,Haringey,E12000007,London,37900,44200,32500,11700,38350
E02000426,Haringey 030,E09000014,Haringey,E12000007,London,54800,64000,46900,17100,55450
E02000427,Haringey 031,E09000014,Haringey,E12000007,London,47600,55800,40600,15200,48200
E02000428,Haringey 032,E09000014,Haringey,E12000007,London,36600,42300,31600,10700,36950
E02000429,Haringey 033,E09000014,Haringey,E12000007,London,50300,58400,43200,15200,50800
E02000430,Haringey 034,E09000014,Haringey,E12000007,London,47900,55900,41000,14900,48450
E02000431,Haringey 035,E09000014,Haringey,E12000007,London,51400,60200,43800,16400,52000
E02000432,Haringey 036,E09000014,Haringey,E12000007,London,44300,51200,38300,12900,44750
E02006794,Haringey 037,E09000014,Haringey,E12000007,London,34400,39900,29600,10300,34750
E02000554,Islington 001,E09000019,Islington,E12000007,London,40600,47100,35000,12100,41050
E02000555,Islington 002,E09000019,Islington,E12000007,London,44500,51300,38600,12700,44950
E02000556,Islington 003,E09000019,Islington,E12000007,London,44000,51000,38000,13000,44500
E02000557,Islington 004,E09000019,Islington,E12000007,London,46300,53800,39800,14000,46800
E02000558,Islington 005,E09000019,Islington,E12000007,London,35300,41000,30300,10700,35650
E02000559,Islington 006,E09000019,Islington,E12000007,London,53900,62500,46400,16100,54450
E02000560,Islington 007,E09000019,Islington,E12000007,London,45200,52800,38700,14100,45750
E02000561,Islington 008,E09000019,Islington,E12000007,London,53400,62700,45400,17300,54050
E02000562,Islington 009,E09000019,Islington,E12000007,London,49700,57700,42800,14900,50250
E02000563,Islington 010,E09000019,Islington,E12000007,London,42600,49300,36800,12500,43050
E02000564,Islington 011,E09000019,Islington,E12000007,London,47500,55100,40900,14200,48000
E02000565,Islington 012,E09000019,Islington,E12000007,London,42300,48900,36600,12300,42750
E02000566,Islington 013,E09000019,Islington,E12000007,London,55400,64400,47600,16800,56000
E02000567,Islington 014,E09000019,Islington,E12000007,London,48700,56300,42000,14300,49150
E02000568,Islington 015,E09000019,Islington,E12000007,London,39300,45500,34000,11500,39750
E02000569,Islington 016,E09000019,Islington,E12000007,London,47800,55700,41000,14700,48350
E02000570,Islington 017,E09000019,Islington,E12000007,London,53600,62300,46000,16300,54150
E02000571,Islington 018,E09000019,Islington,E12000007,London,46600,54200,40000,14200,47100
E02000572,Islington 019,E09000019,Islington,E12000007,London,38900,45100,33600,11500,39350
E02000573,Islington 020,E09000019,Islington,E12000007,London,56200,65600,48100,17500,56850
E02000574,Islington 021,E09000019,Islington,E12000007,London,45400,52700,39200,13500,45950
E02000575,Islington 022,E09000019,Islington,E12000007,London,47100,54700,40400,14300,47550
E02000576,Islington 023,E09000019,Islington,E12000007,London,43800,50800,37700,13100,44250
E02000577,Kensington and Chelsea 001,E09000020,Kensington and Chelsea,E12000007,London,33500,38800,29000,9800,33900
E02000578,Kensington and Chelsea 002,E09000020,Kensington and Chelsea,E12000007,London,34400,39900,29800,10100,34850
E02000579,Kensington and Chelsea 003,E09000020,Kensington and Chelsea,E12000007,London,44500,52000,38200,13800,45100
E02000580,Kensington and Chelsea 004,E09000020,Kensington and Chelsea,E12000007,London,43800,51400,37300,14100,44350
E02000581,Kensington and Chelsea 005,E09000020,Kensington and Chelsea,E12000007,London,34600,40100,29900,10200,35000
E02000582,Kensington and Chelsea 006,E09000020,Kensington and Chelsea,E12000007,London,53400,64300,44400,19900,54350
E02000583,Kensington and Chelsea 007,E09000020,Kensington and Chelsea,E12000007,London,57100,69200,47100,22100,58150
E02000584,Kensington and Chelsea 008,E09000020,Kensington and Chelsea,E12000007,London,59100,70300,49700,20600,60000
E02000585,Kensington and Chelsea 009,E09000020,Kensington and Chelsea,E12000007,London,51100,60900,42900,18000,51900
E02000586,Kensington and Chelsea 010,E09000020,Kensington and Chelsea,E12000007,London,62000,75200,51100,24100,63150
E02000587,Kensington and Chelsea 011,E09000020,Kensington and Chelsea,E12000007,London,58800,71000,48700,22300,59850
E02000588,Kensington and Chelsea 012,E09000020,Kensington and Chelsea,E12000007,London,59400,73800,47900,25900,60850
E02000589,Kensington and Chelsea 013,E09000020,Kensington and Chelsea,E12000007,London,50600,61100,42000,19100,51550
E02000590,Kensington and Chelsea 014,E09000020,Kensington and Chelsea,E12000007,London,49100,58800,41000,17800,49900
E02000591,Kensington and Chelsea 015,E09000020,Kensington and Chelsea,E12000007,London,46700,55400,39400,16000,47400
E02000592,Kensington and Chelsea 016,E09000020,Kensington and Chelsea,E12000007,London,63700,77700,52300,25400,65000
E02000593,Kensington and Chelsea 017,E09000020,Kensington and Chelsea,E12000007,London,58800,71500,48300,23200,59900
E02000594,Kensington and Chelsea 018,E09000020,Kensington and Chelsea,E12000007,London,52600,63600,43400,20200,53500
E02000595,Kensington and Chelsea 019,E09000020,Kensington and Chelsea,E12000007,London,52800,63400,43900,19500,53650
E02000596,Kensington and Chelsea 020,E09000020,Kensington and Chelsea,E12000007,London,61700,73500,51900,21600,62700
E02000597,Kensington and Chelsea 021,E09000020,Kensington and Chelsea,E12000007,London,43000,50400,36700,13700,43550
E02000619,Lambeth 002,E09000022,Lambeth,E12000007,London,39800,46100,34300,11800,40200
E02000620,Lambeth 003,E09000022,Lambeth,E12000007,London,42300,48900,36500,12400,42700
E02000621,Lambeth 004,E09000022,Lambeth,E12000007,London,44000,50900,38100,12800,44500
E02000622,Lambeth 005,E09000022,Lambeth,E12000007,London,41800,48300,36200,12100,42250
E02000623,Lambeth 006,E09000022,Lambeth,E12000007,London,37000,42900,32000,10900,37450
E02000624,Lambeth 007,E09000022,Lambeth,E12000007,London,40400,46600,35000,11600,40800
E02000625,Lambeth 008,E09000022,Lambeth,E12000007,London,38400,44400,33300,11100,38850
E02000626,Lambeth 009,E09000022,Lambeth,E12000007,London,33500,38800,28900,9900,33850
E02000627,Lambeth 010,E09000022,Lambeth,E12000007,London,41900,48300,36300,12000,42300
E02000628,Lambeth 011,E09000022,Lambeth,E12000007,London,33600,39000,28900,10100,33950
E02000629,Lambeth 012,E09000022,Lambeth,E12000007,London,46500,53900,40200,13700,47050
E02000630,Lambeth 013,E09000022,Lambeth,E12000007,London,47800,55500,41100,14400,48300
E02000631,Lambeth 014,E09000022,Lambeth,E12000007,London,47100,54600,40700,13900,47650
E02000632,Lambeth 015,E09000022,Lambeth,E12000007,London,49300,57200,42500,14700,49850
E02000633,Lambeth 016,E09000022,Lambeth,E12000007,London,38500,44400,33300,11100,38850
E02000634,Lambeth 017,E09000022,Lambeth,E12000007,London,41200,47600,35700,11900,41650
E02000635,Lambeth 018,E09000022,Lambeth,E12000007,London,43900,50800,37900,12900,44350
E02000636,Lambeth 019,E09000022,Lambeth,E12000007,London,57700,67400,49400,18000,58400
E02000637,Lambeth 020,E09000022,Lambeth,E12000007,London,45100,52100,39100,13000,45600
E02000638,Lambeth 021,E09000022,Lambeth,E12000007,London,39400,45500,34100,11400,39800
E02000639,Lambeth 022,E09000022,Lambeth,E12000007,London,35600,41100,30700,10400,35900
E02000640,Lambeth 023,E09000022,Lambeth,E12000007,London,48100,55700,41600,14100,48650
E02000641,Lambeth 024,E09000022,Lambeth,E12000007,London,36900,42700,31800,10900,37250
E02000642,Lambeth 025,E09000022,Lambeth,E12000007,London,43600,50300,37800,12500,44050
E02000643,Lambeth 026,E09000022,Lambeth,E12000007,London,46500,54100,39900,14200,47000
E02000644,Lambeth 027,E09000022,Lambeth,E12000007,London,44500,51300,38600,12700,44950
E02000645,Lambeth 028,E09000022,Lambeth,E12000007,London,44200,51100,38200,12900,44650
E02000646,Lambeth 029,E09000022,Lambeth,E12000007,London,45300,52300,39200,13100,45750
E02000647,Lambeth 030,E09000022,Lambeth,E12000007,London,44700,51600,38800,12800,45200
E02000648,Lambeth 031,E09000022,Lambeth,E12000007,London,37000,42800,32000,10800,37400
E02000649,Lambeth 032,E09000022,Lambeth,E12000007,London,44300,51600,38100,13500,44850
E02000650,Lambeth 033,E09000022,Lambeth,E12000007,London,39900,46200,34500,11700,40350
E02000651,Lambeth 034,E09000022,Lambeth,E12000007,London,42800,49500,37000,12500,43250
E02000652,Lambeth 035,E09000022,Lambeth,E12000007,London,48800,57100,41600,15500,49350
E02006801,Lambeth 036,E09000022,Lambeth,E12000007,London,36500,42600,31300,11300,36950
E02000653,Lewisham 001,E09000023,Lewisham,E12000007,London,39900,46100,34500,11600,40300
E02000654,Lewisham 002,E09000023,Lewisham,E12000007,London,32500,37700,28100,9600,32900
E02000655,Lewisham 003,E09000023,Lewisham,E12000007,London,37300,43000,32300,10700,37650
E02000657,Lewisham 005,E09000023,Lewisham,E12000007,London,38000,44200,32700,11500,38450
E02000658,Lewisham 006,E09000023,Lewisham,E12000007,London,40500,46800,35000,11800,40900
E02000659,Lewisham 007,E09000023,Lewisham,E12000007,London,45900,53100,39700,13400,46400
E02000660,Lewisham 008,E09000023,Lewisham,E12000007,London,41700,48400,36000,12400,42200
E02000661,Lewisham 009,E09000023,Lewisham,E12000007,London,46900,54500,40400,14100,47450
E02000662,Lewisham 010,E09000023,Lewisham,E12000007,London,39000,45100,33700,11400,39400
E02000663,Lewisham 011,E09000023,Lewisham,E12000007,London,44900,52100,38700,13400,45400
E02000664,Lewisham 012,E09000023,Lewisham,E12000007,London,35400,41100,30500,10600,35800
E02000665,Lewisham 013,E09000023,Lewisham,E12000007,London,42900,49500,37100,12400,43300
E02000666,Lewisham 014,E09000023,Lewisham,E12000007,London,42200,48900,36300,12600,42600
E02000667,Lewisham 015,E09000023,Lewisham,E12000007,London,48000,55600,41400,14200,48500
E02000668,Lewisham 016,E09000023,Lewisham,E12000007,London,45200,52300,39000,13300,45650
E02000669,Lewisham 017,E09000023,Lewisham,E12000007,London,42900,49800,37000,12800,43400
E02000670,Lewisham 018,E09000023,Lewisham,E12000007,London,36000,41500,31100,10400,36300
E02000671,Lewisham 019,E09000023,Lewisham,E12000007,London,43400,50300,37500,12800,43900
E02000672,Lewisham 020,E09000023,Lewisham,E12000007,London,37700,43600,32600,11000,38100
E02000673,Lewisham 021,E09000023,Lewisham,E12000007,London,45900,53300,39500,13800,46400
E02000674,Lewisham 022,E09000023,Lewisham,E12000007,London,44000,51100,38000,13100,44550
E02000675,Lewisham 023,E09000023,Lewisham,E12000007,London,42400,49000,36700,12300,42850
E02000676,Lewisham 024,E09000023,Lewisham,E12000007,London,45000,52000,38900,13100,45450
E02000677,Lewisham 025,E09000023,Lewisham,E12000007,London,42500,49000,36800,12200,42900
E02000678,Lewisham 026,E09000023,Lewisham,E12000007,London,35500,41100,30700,10400,35900
E02000679,Lewisham 027,E09000023,Lewisham,E12000007,London,40300,46700,34800,11900,40750
E02000680,Lewisham 028,E09000023,Lewisham,E12000007,London,40500,46900,35000,11900,40950
E02000681,Lewisham 029,E09000023,Lewisham,E12000007,London,36900,42800,31800,11000,37300
E02000682,Lewisham 030,E09000023,Lewisham,E12000007,London,36700,42500,31800,10700,37150
E02000683,Lewisham 031,E09000023,Lewisham,E12000007,London,35700,41500,30700,10800,36100
E02000685,Lewisham 033,E09000023,Lewisham,E12000007,London,38800,44900,33600,11300,39250
E02000686,Lewisham 034,E09000023,Lewisham,E12000007,London,33200,38700,28500,10200,33600
E02000687,Lewisham 035,E09000023,Lewisham,E12000007,London,40100,46400,34700,11700,40550
E02006783,Lewisham 037,E09000023,Lewisham,E12000007,London,31900,37100,27400,9700,32250
E02006784,Lewisham 038,E09000023,Lewisham,E12000007,London,33700,38900,29200,9700,34050
E02006798,Lewisham 039,E09000023,Lewisham,E12000007,London,31600,36800,27200,9600,32000
E02000714,Newham 001,E09000025,Newham,E12000007,London,39400,45500,34100,11400,39800
E02000715,Newham 002,E09000025,Newham,E12000007,London,30600,35600,26300,9300,30950
E02000716,Newham 003,E09000025,Newham,E12000007,London,38200,44400,32800,11600,38600
E02000717,Newham 004,E09000025,Newham,E12000007,London,33000,38400,28400,10000,33400
E02000718,Newham 005,E09000025,Newham,E12000007,London,33300,38800,28600,10200,33700
E02000719,Newham 006,E09000025,Newham,E12000007,London,38300,44400,33100,11300,38750
E02000720,Newham 007,E09000025,Newham,E12000007,London,38800,45000,33500,11500,39250
E02000721,Newham 008,E09000025,Newham,E12000007,London,34700,40100,30000,10100,35050
E02000722,Newham 009,E09000025,Newham,E12000007,London,39000,45100,33700,11400,39400
E02000723,Newham 010,E09000025,Newham,E12000007,London,37700,43900,32500,11400,38200
E02000724,Newham 011,E09000025,Newham,E12000007,London,34800,40500,29800,10700,35150
E02000725,Newham 012,E09000025,Newham,E12000007,London,41300,47700,35600,12100,41650
E02000726,Newham 013,E09000025,Newham,E12000007,London,49400,58200,41900,16300,50050
E02000727,Newham 014,E09000025,Newham,E12000007,London,33800,39300,29000,10300,34150
E02000728,Newham 015,E09000025,Newham,E12000007,London,39800,46700,34000,12700,40350
E02000729,Newham 016,E09000025,Newham,E12000007,London,41800,49300,35400,13900,42350
E02000730,Newham 017,E09000025,Newham,E12000007,London,35400,41000,30500,10500,35750
E02000731,Newham 018,E09000025,Newham,E12000007,London,33400,38800,28800,10000,33800
E02000732,Newham 019,E09000025,Newham,E12000007,London,33400,38900,28700,10200,33800
E02000733,Newham 020,E09000025,Newham,E12000007,London,32700,38100,28100,10000,33100
E02000734,Newham 021,E09000025,Newham,E12000007,London,33800,39200,29200,10000,34200
E02000735,Newham 022,E09000025,Newham,E12000007,London,33900,39200,29300,9900,34250
E02000736,Newham 023,E09000025,Newham,E12000007,London,34800,40500,30000,10500,35250
E02000737,Newham 024,E09000025,Newham,E12000007,London,37400,43400,32200,11200,37800
E02000738,Newham 025,E09000025,Newham,E12000007,London,37200,43200,32000,11200,37600
E02000739,Newham 026,E09000025,Newham,E12000007,London,35400,41200,30500,10700,35850
E02000740,Newham 027,E09000025,Newham,E12000007,London,33400,38700,28900,9800,33800
E02000741,Newham 028,E09000025,Newham,E12000007,London,37100,43500,31700,11800,37600
E02000742,Newham 029,E09000025,Newham,E12000007,London,34700,40400,29800,10600,35100
E02000743,Newham 030,E09000025,Newham,E12000007,London,31900,37100,27300,9800,32200
E02000744,Newham 031,E09000025,Newham,E12000007,London,35100,40700,30400,10300,35550
E02000745,Newham 032,E09000025,Newham,E12000007,London,43300,50600,37000,13600,43800
E02000746,Newham 033,E09000025,Newham,E12000007,London,38200,44600,32700,11900,38650
E02000747,Newham 034,E09000025,Newham,E12000007,London,40800,47400,35100,12300,41250
E02000748,Newham 035,E09000025,Newham,E12000007,London,44300,52100,37600,14500,44850
E02000749,Newham 036,E09000025,Newham,E12000007,London,35100,40600,30300,10300,35450
E02000750,Newham 037,E09000025,Newham,E12000007,London,44700,51800,38500,13300,45150
E02000807,Southwark 001,E09000028,Southwark,E12000007,London,55500,64900,47400,17500,56150
E02000808,Southwark 002,E09000028,Southwark,E12000007,London,48300,56200,41500,14700,48850
E02000809,Southwark 003,E09000028,Southwark,E12000007,London,57300,67000,49000,18000,58000
E02000810,Southwark 004,E09000028,Southwark,E12000007,London,42000,48600,36300,12300,42450
E02000812,Southwark 006,E09000028,Southwark,E12000007,London,40200,46800,34600,12200,40700
E02000813,Southwark 007,E09000028,Southwark,E12000007,London,39800,46000,34400,11600,40200
E02000814,Southwark 008,E09000028,Southwark,E12000007,London,55000,64300,47100,17200,55700
E02000815,Southwark 009,E09000028,Southwark,E12000007,London,41700,48200,36100,12100,42150
E02000816,Southwark 010,E09000028,Southwark,E12000007,London,37600,43400,32600,10800,38000
E02000817,Southwark 011,E09000028,Southwark,E12000007,London,33200,38400,28700,9700,33550
E02000818,Southwark 012,E09000028,Southwark,E12000007,London,38100,44000,33000,11000,38500
E02000819,Southwark 013,E09000028,Southwark,E12000007,London,34100,39400,29500,9900,34450
E02000820,Southwark 014,E09000028,Southwark,E12000007,London,38500,44500,33300,11200,38900
E02000821,Southwark 015,E09000028,Southwark,E12000007,London,34100,39500,29500,10000,34500
E02000822,Southwark 016,E09000028,Southwark,E12000007,London,29800,34700,25600,9100,30150
E02000823,Southwark 017,E09000028,Southwark,E12000007,London,36600,42200,31800,10400,37000
E02000824,Southwark 018,E09000028,Southwark,E12000007,London,32800,38100,28200,9900,33150
E02000825,Southwark 019,E09000028,Southwark,E12000007,London,33700,39100,29100,10000,34100
E02000826,Southwark 020,E09000028,Southwark,E12000007,London,36500,42300,31500,10800,36900
E02000827,Southwark 021,E09000028,Southwark,E12000007,London,34500,40000,29800,10200,34900
E02000828,Southwark 022,E09000028,Southwark,E12000007,London,35400,41000,30500,10500,35750
E02000829,Southwark 023,E09000028,Southwark,E12000007,London,35000,40500,30300,10200,35400
E02000830,Southwark 024,E09000028,Southwark,E12000007,London,43000,49800,37100,12700,43450
E02000831,Southwark 025,E09000028,Southwark,E12000007,London,41600,48200,36000,12200,42100
E02000832,Southwark 026,E09000028,Southwark,E12000007,London,35700,41300,30800,10500,36050
E02000833,Southwark 027,E09000028,Southwark,E12000007,London,38400,44600,33100,11500,38850
E02000834,Southwark 028,E09000028,Southwark,E12000007,London,45700,53100,39400,13700,46250
E02000835,Southwark 029,E09000028,Southwark,E12000007,London,45000,52100,38800,13300,45450
E02000836,Southwark 030,E09000028,Southwark,E12000007,London,50600,58700,43700,15000,51200
E02000837,Southwark 031,E09000028,Southwark,E12000007,London,58600,68700,49900,18800,59300
E02000838,Southwark 032,E09000028,Southwark,E12000007,London,43800,50600,37900,12700,44250
E02000839,Southwark 033,E09000028,Southwark,E12000007,London,49300,58100,41800,16300,49950
E02006802,Southwark 034,E09000028,Southwark,E12000007,London,37000,43000,31900,11100,37450
E02000864,Tower Hamlets 001,E09000030,Tower Hamlets,E12000007,London,37500,43300,32400,10900,37850
E02000865,Tower Hamlets 002,E09000030,Tower Hamlets,E12000007,London,36800,43200,31300,11900,37250
E02000866,Tower Hamlets 003,E09000030,Tower Hamlets,E12000007,London,41500,47900,36000,11900,41950
E02000867,Tower Hamlets 004,E09000030,Tower Hamlets,E12000007,London,43800,50800,37800,13000,44300
E02000868,Tower Hamlets 005,E09000030,Tower Hamlets,E12000007,London,39700,45900,34300,11600,40100
E02000869,Tower Hamlets 006,E09000030,Tower Hamlets,E12000007,London,36100,42000,31000,11000,36500
E02000870,Tower Hamlets 007,E09000030,Tower Hamlets,E12000007,London,37200,43000,32200,10800,37600
E02000871,Tower Hamlets 008,E09000030,Tower Hamlets,E12000007,London,37900,43700,32800,10900,38250
E02000872,Tower Hamlets 009,E09000030,Tower Hamlets,E12000007,London,40200,46800,34500,12300,40650
E02000873,Tower Hamlets 010,E09000030,Tower Hamlets,E12000007,London,41100,47700,35400,12300,41550
E02000874,Tower Hamlets 011,E09000030,Tower Hamlets,E12000007,London,36900,42600,31900,10700,37250
E02000875,Tower Hamlets 012,E09000030,Tower Hamlets,E12000007,London,38000,43800,32900,10900,38350
E02000876,Tower Hamlets 013,E09000030,Tower Hamlets,E12000007,London,38900,45000,33600,11400,39300
E02000877,Tower Hamlets 014,E09000030,Tower Hamlets,E12000007,London,41400,48100,35600,12500,41850
E02000878,Tower Hamlets 015,E09000030,Tower Hamlets,E12000007,London,45800,53000,39600,13400,46300
E02000879,Tower Hamlets 016,E09000030,Tower Hamlets,E12000007,London,35400,40900,30600,10300,35750
E02000880,Tower Hamlets 017,E09000030,Tower Hamlets,E12000007,London,37400,43200,32300,10900,37750
E02000881,Tower Hamlets 018,E09000030,Tower Hamlets,E12000007,London,39000,45000,33800,11200,39400
E02000882,Tower Hamlets 019,E09000030,Tower Hamlets,E12000007,London,38500,44600,33200,11400,38900
E02000883,Tower Hamlets 020,E09000030,Tower Hamlets,E12000007,London,36400,42000,31600,10400,36800
E02000884,Tower Hamlets 021,E09000030,Tower Hamlets,E12000007,London,47500,56100,40200,15900,48150
E02000885,Tower Hamlets 022,E09000030,Tower Hamlets,E12000007,London,34900,40300,30200,10100,35250
E02000886,Tower Hamlets 023,E09000030,Tower Hamlets,E12000007,London,51200,59700,43900,15800,51800
E02000887,Tower Hamlets 024,E09000030,Tower Hamlets,E12000007,London,37100,42800,32100,10700,37450
E02000888,Tower Hamlets 025,E09000030,Tower Hamlets,E12000007,London,52100,61100,44400,16700,52750
E02000889,Tower Hamlets 026,E09000030,Tower Hamlets,E12000007,London,49700,57800,42700,15100,50250
E02000890,Tower Hamlets 027,E09000030,Tower Hamlets,E12000007,London,58200,68700,49300,19400,59000
E02000891,Tower Hamlets 028,E09000030,Tower Hamlets,E12000007,London,53300,62200,45800,16400,54000
E02000893,Tower Hamlets 030,E09000030,Tower Hamlets,E12000007,London,45900,53000,39800,13200,46400
E02000894,Tower Hamlets 031,E09000030,Tower Hamlets,E12000007,London,57200,66800,49000,17800,57900
E02006853,Tower Hamlets 032,E09000030,Tower Hamlets,E12000007,London,40800,48100,34700,13400,41400
E02006854,Tower Hamlets 033,E09000030,Tower Hamlets,E12000007,London,43900,52900,36500,16400,44700
E02000923,Wandsworth 001,E09000032,Wandsworth,E12000007,London,51000,59500,43700,15800,51600
E02000924,Wandsworth 002,E09000032,Wandsworth,E12000007,London,46100,53900,39500,14400,46700
E02000925,Wandsworth 003,E09000032,Wandsworth,E12000007,London,41500,48000,35900,12100,41950
E02000926,Wandsworth 004,E09000032,Wandsworth,E12000007,London,50600,58700,43700,15000,51200
E02000927,Wandsworth 005,E09000032,Wandsworth,E12000007,London,46900,54200,40600,13600,47400
E02000928,Wandsworth 006,E09000032,Wandsworth,E12000007,London,52400,60900,45100,15800,53000
E02000929,Wandsworth 007,E09000032,Wandsworth,E12000007,London,35200,40900,30300,10600,35600
E02000930,Wandsworth 008,E09000032,Wandsworth,E12000007,London,49200,57100,42400,14700,49750
E02000931,Wandsworth 009,E09000032,Wandsworth,E12000007,London,64500,75600,55000,20600,65300
E02000932,Wandsworth 010,E09000032,Wandsworth,E12000007,London,53900,62700,46400,16300,54550
E02000933,Wandsworth 011,E09000032,Wandsworth,E12000007,London,49600,58100,42300,15800,50200
E02000934,Wandsworth 012,E09000032,Wandsworth,E12000007,London,49800,57700,42900,14800,50300
E02000935,Wandsworth 013,E09000032,Wandsworth,E12000007,London,30900,35900,26600,9300,31250
E02000936,Wandsworth 014,E09000032,Wandsworth,E12000007,London,54600,63400,46900,16500,55150
E02000937,Wandsworth 015,E09000032,Wandsworth,E12000007,London,58100,68000,49600,18400,58800
E02000938,Wandsworth 016,E09000032,Wandsworth,E12000007,London,46200,53500,39900,13600,46700
E02000939,Wandsworth 017,E09000032,Wandsworth,E12000007,London,56700,67000,48000,19000,57500
E02000940,Wandsworth 018,E09000032,Wandsworth,E12000007,London,45800,53000,39500,13500,46250
E02000941,Wandsworth 019,E09000032,Wandsworth,E12000007,London,53200,61700,45800,15900,53750
E02000942,Wandsworth 020,E09000032,Wandsworth,E12000007,London,58200,67500,50200,17300,58850
E02000943,Wandsworth 021,E09000032,Wandsworth,E12000007,London,52300,60600,45100,15500,52850
E02000944,Wandsworth 022,E09000032,Wandsworth,E12000007,London,41300,47700,35700,12000,41700
E02000945,Wandsworth 023,E09000032,Wandsworth,E12000007,London,37100,43000,32100,10900,37550
E02000946,Wandsworth 024,E09000032,Wandsworth,E12000007,London,47700,55000,41300,13700,48150
E02000947,Wandsworth 025,E09000032,Wandsworth,E12000007,London,53200,61700,45800,15900,53750
E02000948,Wandsworth 026,E09000032,Wandsworth,E12000007,London,48500,56400,41800,14600,49100
E02000949,Wandsworth 027,E09000032,Wandsworth,E12000007,London,55500,64800,47600,17200,56200
E02000950,Wandsworth 028,E09000032,Wandsworth,E12000007,London,49600,57500,42900,14600,50200
E02000951,Wandsworth 029,E09000032,Wandsworth,E12000007,London,47900,56000,41000,15000,48500
E02000952,Wandsworth 030,E09000032,Wandsworth,E12000007,London,46500,54200,40000,14200,47100
E02000953,Wandsworth 031,E09000032,Wandsworth,E12000007,London,46500,53900,40200,13700,47050
E02000954,Wandsworth 032,E09000032,Wandsworth,E12000007,London,48000,55400,41600,13800,48500
E02000955,Wandsworth 033,E09000032,Wandsworth,E12000007,London,42600,49100,36900,12200,43000
E02000956,Wandsworth 034,E09000032,Wandsworth,E12000007,London,41300,47600,35800,11800,41700
E02000957,Wandsworth 035,E09000032,Wandsworth,E12000007,London,42700,49400,37000,12400,43200
E02000958,Wandsworth 036,E09000032,Wandsworth,E12000007,London,46100,53500,39800,13700,46650
E02000959,Wandsworth 037,E09000032,Wandsworth,E12000007,London,40600,46800,35100,11700,40950
E02000960,Westminster 001,E09000033,Westminster,E12000007,London,52400,62400,44100,18300,53250
E02000961,Westminster 002,E09000033,Westminster,E12000007,London,62200,74400,51900,22500,63150
E02000962,Westminster 003,E09000033,Westminster,E12000007,London,51500,60700,43700,17000,52200
E02000963,Westminster 004,E09000033,Westminster,E12000007,London,41000,47600,35400,12200,41500
E02000964,Westminster 005,E09000033,Westminster,E12000007,London,42200,49100,36400,12700,42750
E02000965,Westminster 006,E09000033,Westminster,E12000007,London,59100,69800,50100,19700,59950
E02000966,Westminster 007,E09000033,Westminster,E12000007,London,60200,71200,50800,20400,61000
E02000967,Westminster 008,E09000033,Westminster,E12000007,London,56500,66600,47900,18700,57250
E02000968,Westminster 009,E09000033,Westminster,E12000007,London,34300,39700,29600,10100,34650
E02000969,Westminster 010,E09000033,Westminster,E12000007,London,36300,42000,31300,10700,36650
E02000970,Westminster 011,E09000033,Westminster,E12000007,London,63100,76300,52100,24200,64200
E02000971,Westminster 012,E09000033,Westminster,E12000007,London,53600,63700,45200,18500,54450
E02000972,Westminster 013,E09000033,Westminster,E12000007,London,51100,60900,42900,18000,51900
E02000973,Westminster 014,E09000033,Westminster,E12000007,London,49300,58600,41500,17100,50050
E02000974,Westminster 015,E09000033,Westminster,E12000007,London,50600,59400,43100,16300,51250
E02000975,Westminster 016,E09000033,Westminster,E12000007,London,53700,63800,45200,18600,54500
E02000976,Westminster 017,E09000033,Westminster,E12000007,London,50000,59200,42300,16900,50750
E02000977,Westminster 018,E09000033,Westminster,E12000007,London,49900,59800,41600,18200,50700
E02000978,Westminster 019,E09000033,Westminster,E12000007,London,55600,68200,45300,22900,56750
E02000979,Westminster 020,E09000033,Westminster,E12000007,London,50300,59100,42800,16300,50950
E02000980,Westminster 021,E09000033,Westminster,E12000007,London,44800,52300,38400,13900,45350
E02000981,Westminster 022,E09000033,Westminster,E12000007,London,55400,65200,47100,18100,56150
E02000982,Westminster 023,E09000033,Westminster,E12000007,London,41800,49100,35500,13600,42300
E02000983,Westminster 024,E09000033,Westminster,E12000007,London,48600,57000,41400,15600,49200
E02000002,Barking and Dagenham 001,E09000002,Barking and Dagenham,E12000007,London,32500,37600,28100,9500,32850
E02000003,Barking and Dagenham 002,E09000002,Barking and Dagenham,E12000007,London,39200,45300,33900,11400,39600
E02000004,Barking and Dagenham 003,E09000002,Barking and Dagenham,E12000007,London,38900,44900,33700,11200,39300
E02000005,Barking and Dagenham 004,E09000002,Barking and Dagenham,E12000007,London,35200,40900,30400,10500,35650
E02000007,Barking and Dagenham 006,E09000002,Barking and Dagenham,E12000007,London,28400,33100,24300,8800,28700
E02000008,Barking and Dagenham 007,E09000002,Barking and Dagenham,E12000007,London,30800,36000,26300,9700,31150
E02000009,Barking and Dagenham 008,E09000002,Barking and Dagenham,E12000007,London,34600,40000,29900,10100,34950
E02000010,Barking and Dagenham 009,E09000002,Barking and Dagenham,E12000007,London,29300,34600,24800,9800,29700
E02000011,Barking and Dagenham 010,E09000002,Barking and Dagenham,E12000007,London,33500,38900,28900,10000,33900
E02000012,Barking and Dagenham 011,E09000002,Barking and Dagenham,E12000007,London,41500,48000,35800,12200,41900
E02000013,Barking and Dagenham 012,E09000002,Barking and Dagenham,E12000007,London,32100,37300,27700,9600,32500
E02000014,Barking and Dagenham 013,E09000002,Barking and Dagenham,E12000007,London,29300,34400,24900,9500,29650
E02000015,Barking and Dagenham 014,E09000002,Barking and Dagenham,E12000007,London,30200,35000,26100,8900,30550
E02000016,Barking and Dagenham 015,E09000002,Barking and Dagenham,E12000007,London,35200,41400,30000,11400,35700
E02000017,Barking and Dagenham 016,E09000002,Barking and Dagenham,E12000007,London,40200,46700,34700,12000,40700
E02000018,Barking and Dagenham 017,E09000002,Barking and Dagenham,E12000007,London,31000,36100,26700,9400,31400
E02000019,Barking and Dagenham 018,E09000002,Barking and Dagenham,E12000007,London,34500,40300,29600,10700,34950
E02000020,Barking and Dagenham 019,E09000002,Barking and Dagenham,E12000007,London,35200,40800,30400,10400,35600
E02000021,Barking and Dagenham 020,E09000002,Barking and Dagenham,E12000007,London,30100,35400,25600,9800,30500
E02000022,Barking and Dagenham 021,E09000002,Barking and Dagenham,E12000007,London,29000,34300,24500,9800,29400
E02000023,Barking and Dagenham 022,E09000002,Barking and Dagenham,E12000007,London,34700,40300,29900,10400,35100
E02006799,Barking and Dagenham 023,E09000002,Barking and Dagenham,E12000007,London,33400,38700,28700,10000,33700
E02000024,Barnet 001,E09000003,Barnet,E12000007,London,46600,53800,40400,13400,47100
E02000025,Barnet 002,E09000003,Barnet,E12000007,London,44400,51400,38300,13100,44850
E02000026,Barnet 003,E09000003,Barnet,E12000007,London,45300,52200,39200,13000,45700
E02000027,Barnet 004,E09000003,Barnet,E12000007,London,40800,47100,35400,11700,41250
E02000028,Barnet 005,E09000003,Barnet,E12000007,London,45400,52400,39400,13000,45900
E02000029,Barnet 006,E09000003,Barnet,E12000007,London,45500,52900,39100,13800,46000
E02000030,Barnet 007,E09000003,Barnet,E12000007,London,46700,54100,40300,13800,47200
E02000031,Barnet 008,E09000003,Barnet,E12000007,London,45300,52400,39200,13200,45800
E02000032,Barnet 009,E09000003,Barnet,E12000007,London,52000,60800,44400,16400,52600
E02000033,Barnet 010,E09000003,Barnet,E12000007,London,47100,54800,40400,14400,47600
E02000034,Barnet 011,E09000003,Barnet,E12000007,London,45000,52000,39000,13000,45500
E02000035,Barnet 012,E09000003,Barnet,E12000007,London,46000,53100,39800,13300,46450
E02000036,Barnet 013,E09000003,Barnet,E12000007,London,46400,53900,39900,14000,46900
E02000037,Barnet 014,E09000003,Barnet,E12000007,London,47200,55100,40500,14600,47800
E02000038,Barnet 015,E09000003,Barnet,E12000007,London,46100,53300,39900,13400,46600
E02000039,Barnet 016,E09000003,Barnet,E12000007,London,47800,55200,41500,13700,48350
E02000040,Barnet 017,E09000003,Barnet,E12000007,London,43500,50300,37700,12600,44000
E02000041,Barnet 018,E09000003,Barnet,E12000007,London,43100,49900,37200,12700,43550
E02000042,Barnet 019,E09000003,Barnet,E12000007,London,46500,54000,40100,13900,47050
E02000043,Barnet 020,E09000003,Barnet,E12000007,London,51900,60000,44800,15200,52400
E02000044,Barnet 021,E09000003,Barnet,E12000007,London,42400,49100,36700,12400,42900
E02000045,Barnet 022,E09000003,Barnet,E12000007,London,44700,51700,38600,13100,45150
E02000046,Barnet 023,E09000003,Barnet,E12000007,London,51200,59300,44200,15100,51750
E02000047,Barnet 024,E09000003,Barnet,E12000007,London,41000,47600,35300,12300,41450
E02000048,Barnet 025,E09000003,Barnet,E12000007,London,45600,52500,39500,13000,46000
E02000049,Barnet 026,E09000003,Barnet,E12000007,London,37500,43300,32500,10800,37900
E02000050,Barnet 027,E09000003,Barnet,E12000007,London,43500,50300,37700,12600,44000
E02000051,Barnet 028,E09000003,Barnet,E12000007,London,46000,53700,39500,14200,46600
E02000052,Barnet 029,E09000003,Barnet,E12000007,London,47000,54200,40700,13500,47450
E02000053,Barnet 030,E09000003,Barnet,E12000007,London,43800,50900,37600,13300,44250
E02000054,Barnet 031,E09000003,Barnet,E12000007,London,44700,52100,38400,13700,45250
E02000055,Barnet 032,E09000003,Barnet,E12000007,London,44300,51600,38100,13500,44850
E02000056,Barnet 033,E09000003,Barnet,E12000007,London,55700,65500,47400,18100,56450
E02000057,Barnet 034,E09000003,Barnet,E12000007,London,44900,52000,38800,13200,45400
E02000058,Barnet 035,E09000003,Barnet,E12000007,London,45500,52600,39300,13300,45950
E02000059,Barnet 036,E09000003,Barnet,E12000007,London,40900,47700,35100,12600,41400
E02000060,Barnet 037,E09000003,Barnet,E12000007,London,39200,45600,33700,11900,39650
E02000061,Barnet 038,E09000003,Barnet,E12000007,London,45300,53200,38700,14500,45950
E02000062,Barnet 039,E09000003,Barnet,E12000007,London,40600,47300,34800,12500,41050
E02000063,Barnet 040,E09000003,Barnet,E12000007,London,43900,51600,37400,14200,44500
E02000064,Barnet 041,E09000003,Barnet,E12000007,London,41900,48800,36000,12800,42400
E02000065,Bexley 001,E09000004,Bexley,E12000007,London,36400,42200,31400,10800,36800
E02000066,Bexley 002,E09000004,Bexley,E12000007,London,29600,34300,25500,8800,29900
E02000067,Bexley 003,E09000004,Bexley,E12000007,London,35100,40500,30300,10200,35400
E02000068,Bexley 004,E09000004,Bexley,E12000007,London,33400,38700,28800,9900,33750
E02000069,Bexley 005,E09000004,Bexley,E12000007,London,35200,40700,30500,10200,35600
E02000070,Bexley 006,E09000004,Bexley,E12000007,London,39000,45100,33700,11400,39400
E02000071,Bexley 007,E09000004,Bexley,E12000007,London,35200,40800,30300,10500,35550
E02000072,Bexley 008,E09000004,Bexley,E12000007,London,33000,38500,28400,10100,33450
E02000073,Bexley 009,E09000004,Bexley,E12000007,London,40900,47600,35100,12500,41350
E02000074,Bexley 010,E09000004,Bexley,E12000007,London,31700,36800,27400,9400,32100
E02000075,Bexley 011,E09000004,Bexley,E12000007,London,39900,46400,34400,12000,40400
E02000077,Bexley 013,E09000004,Bexley,E12000007,London,39200,45400,33900,11500,39650
E02000078,Bexley 014,E09000004,Bexley,E12000007,London,38600,44700,33400,11300,39050
E02000079,Bexley 015,E09000004,Bexley,E12000007,London,39400,45500,34100,11400,39800
E02000080,Bexley 016,E09000004,Bexley,E12000007,London,39600,45800,34200,11600,40000
E02000081,Bexley 017,E09000004,Bexley,E12000007,London,38400,44400,33200,11200,38800
E02000082,Bexley 018,E09000004,Bexley,E12000007,London,41300,47900,35700,12200,41800
E02000083,Bexley 019,E09000004,Bexley,E12000007,London,35900,41500,31100,10400,36300
E02000084,Bexley 020,E09000004,Bexley,E12000007,London,41400,47900,35800,12100,41850
E02000085,Bexley 021,E09000004,Bexley,E12000007,London,37500,43400,32400,11000,37900
E02000086,Bexley 022,E09000004,Bexley,E12000007,London,39700,46100,34300,11800,40200
E02000087,Bexley 023,E09000004,Bexley,E12000007,London,41900,48500,36200,12300,42350
E02000088,Bexley 024,E09000004,Bexley,E12000007,London,42500,49300,36600,12700,42950
E02000089,Bexley 025,E09000004,Bexley,E12000007,London,44200,51400,38100,13300,44750
E02000090,Bexley 026,E09000004,Bexley,E12000007,London,36400,42200,31400,10800,36800
E02000091,Bexley 027,E09000004,Bexley,E12000007,London,36800,42700,31700,11000,37200
E02000092,Bexley 028,E09000004,Bexley,E12000007,London,34300,39800,29700,10100,34750
E02006785,Bexley 029,E09000004,Bexley,E12000007,London,36700,42300,31700,10600,37000
E02000093,Brent 001,E09000005,Brent,E12000007,London,47000,55600,39700,15900,47650
E02000094,Brent 002,E09000005,Brent,E12000007,London,46000,53600,39500,14100,46550
E02000095,Brent 003,E09000005,Brent,E12000007,London,47500,56000,40300,15700,48150
E02000096,Brent 004,E09000005,Brent,E12000007,London,45600,52800,39400,13400,46100
E02000097,Brent 005,E09000005,Brent,E12000007,London,47300,55800,40100,15700,47950
E02000098,Brent 006,E09000005,Brent,E12000007,London,41800,48500,36000,12500,42250
E02000099,Brent 007,E09000005,Brent,E12000007,London,49100,57800,41800,16000,49800
E02000100,Brent 008,E09000005,Brent,E12000007,London,47100,54400,40700,13700,47550
E02000101,Brent 009,E09000005,Brent,E12000007,London,37500,43400,32500,10900,37950
E02000102,Brent 010,E09000005,Brent,E12000007,London,39200,45800,33400,12400,39600
E02000103,Brent 011,E09000005,Brent,E12000007,London,41100,47600,35400,12200,41500
E02000104,Brent 012,E09000005,Brent,E12000007,London,41400,48100,35700,12400,41900
E02000105,Brent 013,E09000005,Brent,E12000007,London,42100,48900,36300,12600,42600
E02000106,Brent 014,E09000005,Brent,E12000007,London,36900,42900,31800,11100,37350
E02000107,Brent 015,E09000005,Brent,E12000007,London,43500,50700,37400,13300,44050
E02000108,Brent 016,E09000005,Brent,E12000007,London,41900,48500,36200,12300,42350
E02000109,Brent 017,E09000005,Brent,E12000007,London,40000,46300,34500,11800,40400
E02000110,Brent 018,E09000005,Brent,E12000007,London,45100,52300,38800,13500,45550
E02000111,Brent 019,E09000005,Brent,E12000007,London,37000,42800,31900,10900,37350
E02000112,Brent 020,E09000005,Brent,E12000007,London,40200,46600,34700,11900,40650
E02000113,Brent 021,E09000005,Brent,E12000007,London,33500,39000,28700,10300,33850
E02000114,Brent 022,E09000005,Brent,E12000007,London,39400,45500,34100,11400,39800
E02000115,Brent 023,E09000005,Brent,E12000007,London,44300,51300,38200,13100,44750
E02000116,Brent 024,E09000005,Brent,E12000007,London,35400,40900,30600,10300,35750
E02000117,Brent 025,E09000005,Brent,E12000007,London,31800,36700,27400,9300,32050
E02000118,Brent 026,E09000005,Brent,E12000007,London,36200,42000,31200,10800,36600
E02000119,Brent 027,E09000005,Brent,E12000007,London,34700,40100,30000,10100,35050
E02000120,Brent 028,E09000005,Brent,E12000007,London,43100,49900,37300,12600,43600
E02000121,Brent 029,E09000005,Brent,E12000007,London,36600,42400,31500,10900,36950
E02000122,Brent 030,E09000005,Brent,E12000007,London,46300,53500,40100,13400,46800
E02000123,Brent 031,E09000005,Brent,E12000007,London,32800,37900,28400,9500,33150
E02000124,Brent 032,E09000005,Brent,E12000007,London,47700,55100,41300,13800,48200
E02000125,Brent 033,E09000005,Brent,E12000007,London,45400,52400,39300,13100,45850
E02000126,Brent 034,E09000005,Brent,E12000007,London,34000,39300,29400,9900,34350
E02000127,Bromley 001,E09000006,Bromley,E12000007,London,34600,40000,29900,10100,34950
E02000128,Bromley 002,E09000006,Bromley,E12000007,London,42200,48800,36600,12200,42700
E02000130,Bromley 004,E09000006,Bromley,E12000007,London,42700,49400,36900,12500,43150
E02000131,Bromley 005,E09000006,Bromley,E12000007,London,38300,44400,33000,11400,38700
E02000132,Bromley 006,E09000006,Bromley,E12000007,London,41800,48400,36100,12300,42250
E02000133,Bromley 007,E09000006,Bromley,E12000007,London,47500,55500,40700,14800,48100
E02000134,Bromley 008,E09000006,Bromley,E12000007,London,43500,50500,37400,13100,43950
E02000135,Bromley 009,E09000006,Bromley,E12000007,London,34300,39800,29700,10100,34750
E02000136,Bromley 010,E09000006,Bromley,E12000007,London,41400,48200,35600,12600,41900
E02000137,Bromley 011,E09000006,Bromley,E12000007,London,43100,49800,37300,12500,43550
E02000138,Bromley 012,E09000006,Bromley,E12000007,London,43600,50500,37700,12800,44100
E02000139,Bromley 013,E09000006,Bromley,E12000007,London,43500,50300,37700,12600,44000
E02000140,Bromley 014,E09000006,Bromley,E12000007,London,33900,39300,29200,10100,34250
E02000141,Bromley 015,E09000006,Bromley,E12000007,London,40600,47000,35100,11900,41050
E02000142,Bromley 016,E09000006,Bromley,E12000007,London,46500,53700,40300,13400,47000
E02000144,Bromley 018,E09000006,Bromley,E12000007,London,47200,54500,40800,13700,47650
E02000145,Bromley 019,E09000006,Bromley,E12000007,London,34500,39900,29800,10100,34850
E02000146,Bromley 020,E09000006,Bromley,E12000007,London,42600,49200,36900,12300,43050
E02000147,Bromley 021,E09000006,Bromley,E12000007,London,44300,51400,38100,13300,44750
E02000148,Bromley 022,E09000006,Bromley,E12000007,London,46000,53200,39700,13500,46450
E02000149,Bromley 023,E09000006,Bromley,E12000007,London,37800,43600,32700,10900,38150
E02000150,Bromley 024,E09000006,Bromley,E12000007,London,46200,53400,39900,13500,46650
E02000151,Bromley 025,E09000006,Bromley,E12000007,London,45300,52700,38900,13800,45800
E02000152,Bromley 026,E09000006,Bromley,E12000007,London,38700,44700,33400,11300,39050
E02000153,Bromley 027,E09000006,Bromley,E12000007,London,46600,54100,40100,14000,47100
E02000154,Bromley 028,E09000006,Bromley,E12000007,London,40900,47500,35200,12300,41350
E02000155,Bromley 029,E09000006,Bromley,E12000007,London,37300,43300,32100,11200,37700
E02000156,Bromley 030,E09000006,Bromley,E12000007,London,43500,50300,37600,12700,43950
E02000157,Bromley 031,E09000006,Bromley,E12000007,London,44900,52100,38800,13300,45450
E02000158,Bromley 032,E09000006,Bromley,E12000007,London,41900,48500,36200,12300,42350
E02000159,Bromley 033,E09000006,Bromley,E12000007,London,43300,50200,37300,12900,43750
E02000160,Bromley 034,E09000006,Bromley,E12000007,London,43800,50700,37900,12800,44300
E02000161,Bromley 035,E09000006,Bromley,E12000007,London,44100,51200,37900,13300,44550
E02000162,Bromley 036,E09000006,Bromley,E12000007,London,37100,43100,31900,11200,37500
E02000163,Bromley 037,E09000006,Bromley,E12000007,London,41700,48400,35900,12500,42150
E02000165,Bromley 039,E09000006,Bromley,E12000007,London,39900,46500,34300,12200,40400
E02006782,Bromley 040,E09000006,Bromley,E12000007,London,37200,43100,32200,10900,37650
E02006787,Bromley 041,E09000006,Bromley,E12000007,London,39800,46300,34200,12100,40250
E02006789,Bromley 042,E09000006,Bromley,E12000007,London,36300,42300,31300,11000,36800
E02000194,Croydon 001,E09000008,Croydon,E12000007,London,39400,45600,34100,11500,39850
E02000195,Croydon 002,E09000008,Croydon,E12000007,London,43600,50400,37700,12700,44050
E02000196,Croydon 003,E09000008,Croydon,E12000007,London,41800,48300,36200,12100,42250
E02000197,Croydon 004,E09000008,Croydon,E12000007,London,41100,47500,35600,11900,41550
E02000198,Croydon 005,E09000008,Croydon,E12000007,London,38500,44700,33200,11500,38950
E02000199,Croydon 006,E09000008,Croydon,E12000007,London,42200,48800,36500,12300,42650
E02000200,Croydon 007,E09000008,Croydon,E12000007,London,38700,44800,33400,11400,39100
E02000201,Croydon 008,E09000008,Croydon,E12000007,London,33300,38500,28800,9700,33650
E02000202,Croydon 009,E09000008,Croydon,E12000007,London,41100,47600,35500,12100,41550
E02000203,Croydon 010,E09000008,Croydon,E12000007,London,34500,39800,29900,9900,34850
E02000204,Croydon 011,E09000008,Croydon,E12000007,London,39400,45800,34000,11800,39900
E02000206,Croydon 013,E09000008,Croydon,E12000007,London,34400,39700,29800,9900,34750
E02000207,Croydon 014,E09000008,Croydon,E12000007,London,37300,43100,32300,10800,37700
E02000208,Croydon 015,E09000008,Croydon,E12000007,London,33900,39200,29400,9800,34300
E02000209,Croydon 016,E09000008,Croydon,E12000007,London,39700,46100,34300,11800,40200
E02000210,Croydon 017,E09000008,Croydon,E12000007,London,42600,49200,36900,12300,43050
E02000211,Croydon 018,E09000008,Croydon,E12000007,London,42800,49500,37000,12500,43250
E02000212,Croydon 019,E09000008,Croydon,E12000007,London,34400,39800,29700,10100,34750
E02000213,Croydon 020,E09000008,Croydon,E12000007,London,34600,39900,29900,10000,34900
E02000214,Croydon 021,E09000008,Croydon,E12000007,London,46300,53500,40100,13400,46800
E02000215,Croydon 022,E09000008,Croydon,E12000007,London,38400,44200,33200,11000,38700
E02000216,Croydon 023,E09000008,Croydon,E12000007,London,43900,50600,38000,12600,44300
E02000217,Croydon 024,E09000008,Croydon,E12000007,London,36800,42400,31900,10500,37150
E02000218,Croydon 025,E09000008,Croydon,E12000007,London,39300,45500,34000,11500,39750
E02000219,Croydon 026,E09000008,Croydon,E12000007,London,42400,49000,36700,12300,42850
E02000220,Croydon 027,E09000008,Croydon,E12000007,London,40200,46400,34700,11700,40550
E02000221,Croydon 028,E09000008,Croydon,E12000007,London,37100,42800,32100,10700,37450
E02000222,Croydon 029,E09000008,Croydon,E12000007,London,42200,48900,36400,12500,42650
E02000223,Croydon 030,E09000008,Croydon,E12000007,London,30600,35600,26200,9400,30900
E02000224,Croydon 031,E09000008,Croydon,E12000007,London,41400,47700,35900,11800,41800
E02000225,Croydon 032,E09000008,Croydon,E12000007,London,31900,37000,27500,9500,32250
E02000226,Croydon 033,E09000008,Croydon,E12000007,London,45000,52100,38900,13200,45500
E02000227,Croydon 034,E09000008,Croydon,E12000007,London,39100,45400,33700,11700,39550
E02000228,Croydon 035,E09000008,Croydon,E12000007,London,44600,51900,38400,13500,45150
E02000229,Croydon 036,E09000008,Croydon,E12000007,London,29600,34400,25500,8900,29950
E02000230,Croydon 037,E09000008,Croydon,E12000007,London,41400,48000,35800,12200,41900
E02000231,Croydon 038,E09000008,Croydon,E12000007,London,46800,54400,40300,14100,47350
E02000232,Croydon 039,E09000008,Croydon,E12000007,London,41500,48200,35800,12400,42000
E02000233,Croydon 040,E09000008,Croydon,E12000007,London,43900,50800,38000,12800,44400
E02000234,Croydon 041,E09000008,Croydon,E12000007,London,41900,48500,36200,12300,42350
E02000235,Croydon 042,E09000008,Croydon,E12000007,London,45400,52500,39200,13300,45850
E02000236,Croydon 043,E09000008,Croydon,E12000007,London,45600,52800,39300,13500,46050
E02000237,Croydon 044,E09000008,Croydon,E12000007,London,40300,46600,34800,11800,40700
E02006788,Croydon 045,E09000008,Croydon,E12000007,London,37100,42900,32100,10800,37500
E02000238,Ealing 001,E09000009,Ealing,E12000007,London,46500,54200,39800,14400,47000
E02000239,Ealing 002,E09000009,Ealing,E12000007,London,50300,59500,42500,17000,51000
E02000240,Ealing 003,E09000009,Ealing,E12000007,London,38700,44700,33400,11300,39050
E02000241,Ealing 004,E09000009,Ealing,E12000007,London,45400,52800,39000,13800,45900
E02000242,Ealing 005,E09000009,Ealing,E12000007,London,45500,53600,38600,15000,46100
E02000243,Ealing 006,E09000009,Ealing,E12000007,London,43100,50300,36900,13400,43600
E02000244,Ealing 007,E09000009,Ealing,E12000007,London,46000,53900,39200,14700,46550
E02000245,Ealing 008,E09000009,Ealing,E12000007,London,33800,39100,29300,9800,34200
E02000246,Ealing 009,E09000009,Ealing,E12000007,London,37800,43700,32600,11100,38150
E02000247,Ealing 010,E09000009,Ealing,E12000007,London,38000,43800,32900,10900,38350
E02000248,Ealing 011,E09000009,Ealing,E12000007,London,50800,59700,43300,16400,51500
E02000249,Ealing 012,E09000009,Ealing,E12000007,London,40100,46400,34600,11800,40500
E02000250,Ealing 013,E09000009,Ealing,E12000007,London,56500,65500,48700,16800,57100
E02000251,Ealing 014,E09000009,Ealing,E12000007,London,44000,51300,37800,13500,44550
E02000252,Ealing 015,E09000009,Ealing,E12000007,London,41100,47800,35300,12500,41550
E02000253,Ealing 016,E09000009,Ealing,E12000007,London,39700,45800,34300,11500,40050
E02000254,Ealing 017,E09000009,Ealing,E12000007,London,37000,43200,31600,11600,37400
E02000255,Ealing 018,E09000009,Ealing,E12000007,London,47600,55000,41300,13700,48150
E02000256,Ealing 019,E09000009,Ealing,E12000007,London,53500,62100,46100,16000,54100
E02000257,Ealing 020,E09000009,Ealing,E12000007,London,51100,59400,43900,15500,51650
E02000258,Ealing 021,E09000009,Ealing,E12000007,London,45700,53000,39500,13500,46250
E02000259,Ealing 022,E09000009,Ealing,E12000007,London,53100,61700,45600,16100,53650
E02000260,Ealing 023,E09000009,Ealing,E12000007,London,35100,41100,30000,11100,35550
E02000261,Ealing 024,E09000009,Ealing,E12000007,London,43400,50500,37200,13300,43850
E02000262,Ealing 025,E09000009,Ealing,E12000007,London,48900,58700,40800,17900,49750
E02000263,Ealing 026,E09000009,Ealing,E12000007,London,32800,38500,27900,10600,33200
E02000264,Ealing 027,E09000009,Ealing,E12000007,London,47900,55500,41300,14200,48400
E02000265,Ealing 028,E09000009,Ealing,E12000007,London,43900,50700,38000,12700,44350
E02000266,Ealing 029,E09000009,Ealing,E12000007,London,35800,41400,30900,10500,36150
E02000267,Ealing 030,E09000009,Ealing,E12000007,London,49400,57300,42600,14700,49950
E02000268,Ealing 031,E09000009,Ealing,E12000007,London,49700,57500,43000,14500,50250
E02000269,Ealing 032,E09000009,Ealing,E12000007,London,53700,62100,46300,15800,54200
E02000270,Ealing 033,E09000009,Ealing,E12000007,London,41100,47500,35500,12000,41500
E02000271,Ealing 034,E09000009,Ealing,E12000007,London,61100,71500,52200,19300,61850
E02000272,Ealing 035,E09000009,Ealing,E12000007,London,51900,60100,44900,15200,52500
E02000274,Ealing 037,E09000009,Ealing,E12000007,London,33500,39200,28700,10500,33950
E02000275,Ealing 038,E09000009,Ealing,E12000007,London,34300,40000,29500,10500,34750
E02000276,Ealing 039,E09000009,Ealing,E12000007,London,52500,61000,45100,15900,53050
E02006791,Ealing 040,E09000009,Ealing,E12000007,London,41600,49000,35400,13600,42200
E02000277,Enfield 001,E09000010,Enfield,E12000007,London,40300,46800,34700,12100,40750
E02000278,Enfield 002,E09000010,Enfield,E12000007,London,40000,46600,34300,12300,40450
E02000279,Enfield 003,E09000010,Enfield,E12000007,London,39400,45800,33900,11900,39850
E02000280,Enfield 004,E09000010,Enfield,E12000007,London,40500,46700,35100,11600,40900
E02000281,Enfield 005,E09000010,Enfield,E12000007,London,38400,44300,33300,11000,38800
E02000282,Enfield 006,E09000010,Enfield,E12000007,London,33200,38600,28600,10000,33600
E02000283,Enfield 007,E09000010,Enfield,E12000007,London,41000,47900,35200,12700,41550
E02000284,Enfield 008,E09000010,Enfield,E12000007,London,42800,49400,37100,12300,43250
E02000285,Enfield 009,E09000010,Enfield,E12000007,London,48500,56300,41900,14400,49100
E02000286,Enfield 010,E09000010,Enfield,E12000007,London,42900,49500,37200,12300,43350
E02000287,Enfield 011,E09000010,Enfield,E12000007,London,45700,53100,39400,13700,46250
E02000288,Enfield 012,E09000010,Enfield,E12000007,London,38100,44200,32800,11400,38500
E02000289,Enfield 013,E09000010,Enfield,E12000007,London,49200,56900,42600,14300,49750
E02000290,Enfield 014,E09000010,Enfield,E12000007,London,36000,41800,31000,10800,36400
E02000291,Enfield 015,E09000010,Enfield,E12000007,London,42600,49300,36800,12500,43050
E02000292,Enfield 016,E09000010,Enfield,E12000007,London,45600,53000,39200,13800,46100
E02000293,Enfield 017,E09000010,Enfield,E12000007,London,48400,55900,42000,13900,48950
E02000294,Enfield 018,E09000010,Enfield,E12000007,London,41000,47800,35100,12700,41450
E02000295,Enfield 019,E09000010,Enfield,E12000007,London,50000,58200,42900,15300,50550
E02000296,Enfield 020,E09000010,Enfield,E12000007,London,47200,55900,39800,16100,47850
E02000297,Enfield 021,E09000010,Enfield,E12000007,London,46200,53900,39700,14200,46800
E02000298,Enfield 022,E09000010,Enfield,E12000007,London,51500,59600,44500,15100,52050
E02000299,Enfield 023,E09000010,Enfield,E12000007,London,38600,44900,33100,11800,39000
E02000300,Enfield 024,E09000010,Enfield,E12000007,London,41600,49000,35400,13600,42200
E02000301,Enfield 025,E09000010,Enfield,E12000007,London,36700,42600,31500,11100,37050
E02000302,Enfield 026,E09000010,Enfield,E12000007,London,52300,62000,44100,17900,53050
E02000303,Enfield 027,E09000010,Enfield,E12000007,London,37300,43600,32000,11600,37800
E02000304,Enfield 028,E09000010,Enfield,E12000007,London,49900,58100,42900,15200,50500
E02000305,Enfield 029,E09000010,Enfield,E12000007,London,52900,62200,45000,17200,53600
E02000306,Enfield 030,E09000010,Enfield,E12000007,London,31600,36600,27200,9400,31900
E02000307,Enfield 031,E09000010,Enfield,E12000007,London,45800,53900,38900,15000,46400
E02000308,Enfield 032,E09000010,Enfield,E12000007,London,47000,55100,40100,15000,47600
E02000309,Enfield 033,E09000010,Enfield,E12000007,London,35200,40800,30300,10500,35550
E02000311,Enfield 035,E09000010,Enfield,E12000007,London,49300,60000,40500,19500,50250
E02000312,Enfield 036,E09000010,Enfield,E12000007,London,49600,58600,42000,16600,50300
E02006793,Enfield 037,E09000010,Enfield,E12000007,London,36400,42400,31300,11100,36850
E02000313,Greenwich 001,E09000011,Greenwich,E12000007,London,29200,33900,25000,8900,29450
E02000314,Greenwich 002,E09000011,Greenwich,E12000007,London,39100,45200,33800,11400,39500
E02000315,Greenwich 003,E09000011,Greenwich,E12000007,London,31800,36800,27500,9300,32150
E02000316,Greenwich 004,E09000011,Greenwich,E12000007,London,38200,44400,33000,11400,38700
E02000317,Greenwich 005,E09000011,Greenwich,E12000007,London,36400,42200,31300,10900,36750
E02000318,Greenwich 006,E09000011,Greenwich,E12000007,London,33400,38700,28900,9800,33800
E02000319,Greenwich 007,E09000011,Greenwich,E12000007,London,34600,40100,29800,10300,34950
E02000320,Greenwich 008,E09000011,Greenwich,E12000007,London,36300,42100,31300,10800,36700
E02000321,Greenwich 009,E09000011,Greenwich,E12000007,London,29500,34300,25400,8900,29850
E02000323,Greenwich 011,E09000011,Greenwich,E12000007,London,34700,40300,30000,10300,35150
E02000324,Greenwich 012,E09000011,Greenwich,E12000007,London,37700,43700,32500,11200,38100
E02000326,Greenwich 014,E09000011,Greenwich,E12000007,London,43700,50400,37900,12500,44150
E02000327,Greenwich 015,E09000011,Greenwich,E12000007,London,33000,38200,28400,9800,33300
E02000328,Greenwich 016,E09000011,Greenwich,E12000007,London,48900,57200,41900,15300,49550
E02000329,Greenwich 017,E09000011,Greenwich,E12000007,London,36000,41600,31200,10400,36400
E02000331,Greenwich 019,E09000011,Greenwich,E12000007,London,38800,44800,33600,11200,39200
E02000332,Greenwich 020,E09000011,Greenwich,E12000007,London,43600,50400,37700,12700,44050
E02000333,Greenwich 021,E09000011,Greenwich,E12000007,London,51400,59900,44100,15800,52000
E02000334,Greenwich 022,E09000011,Greenwich,E12000007,London,41400,48600,35200,13400,41900
E02000335,Greenwich 023,E09000011,Greenwich,E12000007,London,45000,51900,38900,13000,45400
E02000337,Greenwich 025,E09000011,Greenwich,E12000007,London,37400,43200,32400,10800,37800
E02000339,Greenwich 027,E09000011,Greenwich,E12000007,London,44600,51600,38500,13100,45050
E02000340,Greenwich 028,E09000011,Greenwich,E12000007,London,40200,46400,34800,11600,40600
E02000341,Greenwich 029,E09000011,Greenwich,E12000007,London,34800,40300,30100,10200,35200
E02000342,Greenwich 030,E09000011,Greenwich,E12000007,London,37200,42900,32200,10700,37550
E02000343,Greenwich 031,E09000011,Greenwich,E12000007,London,39000,45100,33700,11400,39400
E02000344,Greenwich 032,E09000011,Greenwich,E12000007,London,40900,47200,35300,11900,41250
E02006786,Greenwich 033,E09000011,Greenwich,E12000007,London,34000,39300,29400,9900,34350
E02006927,Greenwich 034,E09000011,Greenwich,E12000007,London,37800,44000,32500,11500,38250
E02006928,Greenwich 035,E09000011,Greenwich,E12000007,London,38500,45200,32800,12400,39000
E02006929,Greenwich 036,E09000011,Greenwich,E12000007,London,39000,45700,33200,12500,39450
E02006930,Greenwich 037,E09000011,Greenwich,E12000007,London,40000,47100,34000,13100,40550
E02006931,Greenwich 038,E09000011,Greenwich,E12000007,London,37100,43400,31700,11700,37550
E02000433,Harrow 001,E09000015,Harrow,E12000007,London,42000,48400,36300,12100,42350
E02000434,Harrow 002,E09000015,Harrow,E12000007,London,42600,49300,36900,12400,43100
E02000435,Harrow 003,E09000015,Harrow,E12000007,London,44000,50800,38200,12600,44500
E02000436,Harrow 004,E09000015,Harrow,E12000007,London,44500,51800,38200,13600,45000
E02000437,Harrow 005,E09000015,Harrow,E12000007,London,45200,52500,38900,13600,45700
E02000438,Harrow 006,E09000015,Harrow,E12000007,London,41000,47300,35600,11700,41450
E02000439,Harrow 007,E09000015,Harrow,E12000007,London,50200,59600,42300,17300,50950
E02000440,Harrow 008,E09000015,Harrow,E12000007,London,48400,56400,41600,14800,49000
E02000441,Harrow 009,E09000015,Harrow,E12000007,London,42900,49500,37100,12400,43300
E02000442,Harrow 010,E09000015,Harrow,E12000007,London,53600,64700,44400,20300,54550
E02000443,Harrow 011,E09000015,Harrow,E12000007,London,41100,47600,35500,12100,41550
E02000444,Harrow 012,E09000015,Harrow,E12000007,London,45700,53500,39000,14500,46250
E02000445,Harrow 013,E09000015,Harrow,E12000007,London,41300,47800,35600,12200,41700
E02000447,Harrow 015,E09000015,Harrow,E12000007,London,49300,57100,42600,14500,49850
E02000448,Harrow 016,E09000015,Harrow,E12000007,London,47700,55200,41200,14000,48200
E02000449,Harrow 017,E09000015,Harrow,E12000007,London,42900,50700,36200,14500,43450
E02000451,Harrow 019,E09000015,Harrow,E12000007,London,49300,57100,42600,14500,49850
E02000452,Harrow 020,E09000015,Harrow,E12000007,London,44900,52000,38700,13300,45350
E02000453,Harrow 021,E09000015,Harrow,E12000007,London,45600,52600,39500,13100,46050
E02000454,Harrow 022,E09000015,Harrow,E12000007,London,48800,56500,42200,14300,49350
E02000455,Harrow 023,E09000015,Harrow,E12000007,London,45400,52400,39300,13100,45850
E02000456,Harrow 024,E09000015,Harrow,E12000007,London,46200,53500,39800,13700,46650
E02000457,Harrow 025,E09000015,Harrow,E12000007,London,46200,53300,40100,13200,46700
E02000459,Harrow 027,E09000015,Harrow,E12000007,London,39600,45800,34300,11500,40050
E02000460,Harrow 028,E09000015,Harrow,E12000007,London,42000,48600,36300,12300,42450
E02000461,Harrow 029,E09000015,Harrow,E12000007,London,49100,57100,42300,14800,49700
E02000462,Harrow 030,E09000015,Harrow,E12000007,London,41100,47600,35500,12100,41550
E02000463,Harrow 031,E09000015,Harrow,E12000007,London,43000,49800,37100,12700,43450
E02006795,Harrow 032,E09000015,Harrow,E12000007,London,44600,51800,38300,13500,45050
E02006882,Harrow 033,E09000015,Harrow,E12000007,London,47000,55000,40100,14900,47550
E02000464,Havering 001,E09000016,Havering,E12000007,London,33500,38900,28800,10100,33850
E02000465,Havering 002,E09000016,Havering,E12000007,London,33800,39100,29300,9800,34200
E02000466,Havering 003,E09000016,Havering,E12000007,London,36300,42000,31300,10700,36650
E02000467,Havering 004,E09000016,Havering,E12000007,London,28000,32600,24100,8500,28350
E02000468,Havering 005,E09000016,Havering,E12000007,London,37200,43000,32200,10800,37600
E02000469,Havering 006,E09000016,Havering,E12000007,London,33100,38300,28600,9700,33450
E02000470,Havering 007,E09000016,Havering,E12000007,London,39100,45200,33800,11400,39500
E02000471,Havering 008,E09000016,Havering,E12000007,London,42900,49700,36900,12800,43300
E02000472,Havering 009,E09000016,Havering,E12000007,London,39600,45700,34200,11500,39950
E02000473,Havering 010,E09000016,Havering,E12000007,London,41400,48000,35800,12200,41900
E02000474,Havering 011,E09000016,Havering,E12000007,London,35600,41100,30800,10300,35950
E02000475,Havering 012,E09000016,Havering,E12000007,London,39500,45700,34200,11500,39950
E02000476,Havering 013,E09000016,Havering,E12000007,London,35500,41000,30700,10300,35850
E02000477,Havering 014,E09000016,Havering,E12000007,London,42200,48900,36500,12400,42700
E02000478,Havering 015,E09000016,Havering,E12000007,London,40400,47100,34700,12400,40900
E02000479,Havering 016,E09000016,Havering,E12000007,London,37600,43400,32600,10800,38000
E02000480,Havering 017,E09000016,Havering,E12000007,London,38100,44000,33000,11000,38500
E02000481,Havering 018,E09000016,Havering,E12000007,London,37800,43900,32600,11300,38250
E02000482,Havering 019,E09000016,Havering,E12000007,London,44000,51300,37800,13500,44550
E02000483,Havering 020,E09000016,Havering,E12000007,London,35900,41500,31000,10500,36250
E02000484,Havering 021,E09000016,Havering,E12000007,London,38600,44700,33300,11400,39000
E02000485,Havering 022,E09000016,Havering,E12000007,London,39700,45800,34300,11500,40050
E02000486,Havering 023,E09000016,Havering,E12000007,London,38700,44700,33400,11300,39050
E02000487,Havering 024,E09000016,Havering,E12000007,London,44900,52500,38500,14000,45500
E02000488,Havering 025,E09000016,Havering,E12000007,London,40200,46700,34600,12100,40650
E02000489,Havering 026,E09000016,Havering,E12000007,London,39200,45400,34000,11400,39700
E02000490,Havering 027,E09000016,Havering,E12000007,London,36000,41700,31200,10500,36450
E02000491,Havering 028,E09000016,Havering,E12000007,London,34200,39500,29600,9900,34550
E02000492,Havering 029,E09000016,Havering,E12000007,London,37200,43100,32000,11100,37550
E02000493,Havering 030,E09000016,Havering,E12000007,London,33800,39100,29300,9800,34200
E02000494,Hillingdon 001,E09000017,Hillingdon,E12000007,London,41700,48300,35900,12400,42100
E02000495,Hillingdon 002,E09000017,Hillingdon,E12000007,London,42800,49300,37100,12200,43200
E02000496,Hillingdon 003,E09000017,Hillingdon,E12000007,London,38600,44700,33400,11300,39050
E02000497,Hillingdon 004,E09000017,Hillingdon,E12000007,London,42900,49500,37100,12400,43300
E02000498,Hillingdon 005,E09000017,Hillingdon,E12000007,London,41100,47500,35500,12000,41500
E02000499,Hillingdon 006,E09000017,Hillingdon,E12000007,London,46400,53600,40200,13400,46900
E02000500,Hillingdon 007,E09000017,Hillingdon,E12000007,London,43900,50800,37900,12900,44350
E02000501,Hillingdon 008,E09000017,Hillingdon,E12000007,London,45100,52100,39100,13000,45600
E02000502,Hillingdon 009,E09000017,Hillingdon,E12000007,London,43900,50600,38100,12500,44350
E02000503,Hillingdon 010,E09000017,Hillingdon,E12000007,London,46700,54000,40400,13600,47200
E02000504,Hillingdon 011,E09000017,Hillingdon,E12000007,London,46500,53800,40200,13600,47000
E02000506,Hillingdon 013,E09000017,Hillingdon,E12000007,London,42500,49200,36700,12500,42950
E02000507,Hillingdon 014,E09000017,Hillingdon,E12000007,London,45000,52100,38800,13300,45450
E02000508,Hillingdon 015,E09000017,Hillingdon,E12000007,London,42100,48700,36400,12300,42550
E02000509,Hillingdon 016,E09000017,Hillingdon,E12000007,London,39300,45500,33900,11600,39700
E02000510,Hillingdon 017,E09000017,Hillingdon,E12000007,London,41800,48300,36200,12100,42250
E02000511,Hillingdon 018,E09000017,Hillingdon,E12000007,London,39100,45300,33800,11500,39550
E02000512,Hillingdon 019,E09000017,Hillingdon,E12000007,London,38200,44200,33000,11200,38600
E02000513,Hillingdon 020,E09000017,Hillingdon,E12000007,London,36200,42000,31200,10800,36600
E02000514,Hillingdon 021,E09000017,Hillingdon,E12000007,London,40700,47400,34900,12500,41150
E02000515,Hillingdon 022,E09000017,Hillingdon,E12000007,London,36400,42000,31500,10500,36750
E02000516,Hillingdon 023,E09000017,Hillingdon,E12000007,London,42500,49600,36500,13100,43050
E02000517,Hillingdon 024,E09000017,Hillingdon,E12000007,London,39600,45900,34100,11800,40000
E02000518,Hillingdon 025,E09000017,Hillingdon,E12000007,London,40500,47000,34800,12200,40900
E02000519,Hillingdon 026,E09000017,Hillingdon,E12000007,London,36000,41800,31000,10800,36400
E02000520,Hillingdon 027,E09000017,Hillingdon,E12000007,London,37400,43300,32300,11000,37800
E02000521,Hillingdon 028,E09000017,Hillingdon,E12000007,London,42000,48600,36300,12300,42450
E02000522,Hillingdon 029,E09000017,Hillingdon,E12000007,London,39800,46000,34400,11600,40200
E02000523,Hillingdon 030,E09000017,Hillingdon,E12000007,London,38700,44800,33500,11300,39150
E02000524,Hillingdon 031,E09000017,Hillingdon,E12000007,London,41600,48300,35900,12400,42100
E02000525,Hillingdon 032,E09000017,Hillingdon,E12000007,London,39000,45300,33600,11700,39450
E02006796,Hillingdon 033,E09000017,Hillingdon,E12000007,London,39900,46100,34500,11600,40300
E02000526,Hounslow 001,E09000018,Hounslow,E12000007,London,58400,68200,50000,18200,59100
E02000528,Hounslow 003,E09000018,Hounslow,E12000007,London,44800,51900,38600,13300,45250
E02000529,Hounslow 004,E09000018,Hounslow,E12000007,London,36300,42100,31300,10800,36700
E02000530,Hounslow 005,E09000018,Hounslow,E12000007,London,33400,38800,28700,10100,33750
E02000531,Hounslow 006,E09000018,Hounslow,E12000007,London,46000,53200,39800,13400,46500
E02000532,Hounslow 007,E09000018,Hounslow,E12000007,London,52900,61500,45500,16000,53500
E02000533,Hounslow 008,E09000018,Hounslow,E12000007,London,51700,60000,44600,15400,52300
E02000534,Hounslow 009,E09000018,Hounslow,E12000007,London,49200,57000,42600,14400,49800
E02000535,Hounslow 010,E09000018,Hounslow,E12000007,London,40400,46900,34800,12100,40850
E02000536,Hounslow 011,E09000018,Hounslow,E12000007,London,41900,48500,36200,12300,42350
E02000537,Hounslow 012,E09000018,Hounslow,E12000007,London,47900,55600,41300,14300,48450
E02000538,Hounslow 013,E09000018,Hounslow,E12000007,London,39100,45500,33600,11900,39550
E02000539,Hounslow 014,E09000018,Hounslow,E12000007,London,46200,53300,39900,13400,46600
E02000540,Hounslow 015,E09000018,Hounslow,E12000007,London,42600,49400,36700,12700,43050
E02000541,Hounslow 016,E09000018,Hounslow,E12000007,London,36100,41900,31100,10800,36500
E02000542,Hounslow 017,E09000018,Hounslow,E12000007,London,39100,45300,33800,11500,39550
E02000543,Hounslow 018,E09000018,Hounslow,E12000007,London,42500,49200,36700,12500,42950
E02000544,Hounslow 019,E09000018,Hounslow,E12000007,London,47600,55400,40800,14600,48100
E02000545,Hounslow 020,E09000018,Hounslow,E12000007,London,41200,47400,35700,11700,41550
E02000546,Hounslow 021,E09000018,Hounslow,E12000007,London,41500,48100,35800,12300,41950
E02000547,Hounslow 022,E09000018,Hounslow,E12000007,London,36500,42200,31600,10600,36900
E02000548,Hounslow 023,E09000018,Hounslow,E12000007,London,35700,41200,30800,10400,36000
E02000549,Hounslow 024,E09000018,Hounslow,E12000007,London,39800,46100,34400,11700,40250
E02000550,Hounslow 025,E09000018,Hounslow,E12000007,London,36500,42300,31600,10700,36950
E02000551,Hounslow 026,E09000018,Hounslow,E12000007,London,34200,39500,29500,10000,34500
E02000552,Hounslow 027,E09000018,Hounslow,E12000007,London,41200,47600,35700,11900,41650
E02000553,Hounslow 028,E09000018,Hounslow,E12000007,London,38100,44100,33000,11100,38550
E02006792,Hounslow 029,E09000018,Hounslow,E12000007,London,41900,49600,35400,14200,42500
E02000598,Kingston upon Thames 001,E09000021,Kingston upon Thames,E12000007,London,52600,60800,45600,15200,53200
E02000599,Kingston upon Thames 002,E09000021,Kingston upon Thames,E12000007,London,51800,60300,44600,15700,52450
E02000600,Kingston upon Thames 003,E09000021,Kingston upon Thames,E12000007,London,45900,53100,39800,13300,46450
E02000601,Kingston upon Thames 004,E09000021,Kingston upon Thames,E12000007,London,51900,59900,44900,15000,52400
E02000602,Kingston upon Thames 005,E09000021,Kingston upon Thames,E12000007,London,40100,46400,34700,11700,40550
E02000603,Kingston upon Thames 006,E09000021,Kingston upon Thames,E12000007,London,45400,52500,39300,13200,45900
E02000604,Kingston upon Thames 007,E09000021,Kingston upon Thames,E12000007,London,45300,52200,39300,12900,45750
E02000605,Kingston upon Thames 008,E09000021,Kingston upon Thames,E12000007,London,46200,53300,40000,13300,46650
E02000606,Kingston upon Thames 009,E09000021,Kingston upon Thames,E12000007,London,46500,53900,40200,13700,47050
E02000607,Kingston upon Thames 010,E09000021,Kingston upon Thames,E12000007,London,46200,53300,40000,13300,46650
E02000608,Kingston upon Thames 011,E09000021,Kingston upon Thames,E12000007,London,42900,49700,37100,12600,43400
E02000609,Kingston upon Thames 012,E09000021,Kingston upon Thames,E12000007,London,41800,48300,36300,12000,42300
E02000610,Kingston upon Thames 013,E09000021,Kingston upon Thames,E12000007,London,39500,45800,34100,11700,39950
E02000611,Kingston upon Thames 014,E09000021,Kingston upon Thames,E12000007,London,48900,56600,42300,14300,49450
E02000612,Kingston upon Thames 015,E09000021,Kingston upon Thames,E12000007,London,43600,50500,37700,12800,44100
E02000613,Kingston upon Thames 016,E09000021,Kingston upon Thames,E12000007,London,46700,54000,40500,13500,47250
E02000614,Kingston upon Thames 017,E09000021,Kingston upon Thames,E12000007,London,45100,52300,39000,13300,45650
E02000615,Kingston upon Thames 018,E09000021,Kingston upon Thames,E12000007,London,43200,49900,37400,12500,43650
E02000616,Kingston upon Thames 019,E09000021,Kingston upon Thames,E12000007,London,43100,49800,37200,12600,43500
E02000617,Kingston upon Thames 020,E09000021,Kingston upon Thames,E12000007,London,40300,46600,35000,11600,40800
E02000689,Merton 001,E09000024,Merton,E12000007,London,54700,63700,46900,16800,55300
E02000690,Merton 002,E09000024,Merton,E12000007,London,50900,61200,42400,18800,51800
E02000691,Merton 003,E09000024,Merton,E12000007,London,55400,64200,47800,16400,56000
E02000692,Merton 004,E09000024,Merton,E12000007,London,55600,64900,47600,17300,56250
E02000693,Merton 005,E09000024,Merton,E12000007,London,45600,52700,39500,13200,46100
E02000694,Merton 006,E09000024,Merton,E12000007,London,51700,59900,44600,15300,52250
E02000695,Merton 007,E09000024,Merton,E12000007,London,49900,58400,42700,15700,50550
E02000696,Merton 008,E09000024,Merton,E12000007,London,42700,49500,36900,12600,43200
E02000697,Merton 009,E09000024,Merton,E12000007,London,52600,61200,45200,16000,53200
E02000698,Merton 010,E09000024,Merton,E12000007,London,53400,62100,45900,16200,54000
E02000699,Merton 011,E09000024,Merton,E12000007,London,55300,64100,47800,16300,55950
E02000700,Merton 012,E09000024,Merton,E12000007,London,38800,44800,33600,11200,39200
E02000701,Merton 013,E09000024,Merton,E12000007,London,45000,52400,38700,13700,45550
E02000702,Merton 014,E09000024,Merton,E12000007,London,40600,47000,35100,11900,41050
E02000703,Merton 015,E09000024,Merton,E12000007,London,52200,60300,45200,15100,52750
E02000704,Merton 016,E09000024,Merton,E12000007,London,44900,51900,38900,13000,45400
E02000705,Merton 017,E09000024,Merton,E12000007,London,45600,53100,39200,13900,46150
E02000706,Merton 018,E09000024,Merton,E12000007,London,39300,45600,33900,11700,39750
E02000707,Merton 019,E09000024,Merton,E12000007,London,37100,42900,32100,10800,37500
E02000708,Merton 020,E09000024,Merton,E12000007,London,51100,59000,44200,14800,51600
E02000709,Merton 021,E09000024,Merton,E12000007,London,50400,58400,43500,14900,50950
E02000710,Merton 022,E09000024,Merton,E12000007,London,41700,48600,35700,12900,42150
E02000711,Merton 023,E09000024,Merton,E12000007,London,38700,44700,33400,11300,39050
E02000712,Merton 024,E09000024,Merton,E12000007,London,36900,42600,32000,10600,37300
E02000713,Merton 025,E09000024,Merton,E12000007,London,44000,50900,38100,12800,44500
E02000751,Redbridge 001,E09000026,Redbridge,E12000007,London,45900,53000,39800,13200,46400
E02000752,Redbridge 002,E09000026,Redbridge,E12000007,London,37100,42900,32000,10900,37450
E02000753,Redbridge 003,E09000026,Redbridge,E12000007,London,41300,47600,35700,11900,41650
E02000754,Redbridge 004,E09000026,Redbridge,E12000007,London,43900,50700,38000,12700,44350
E02000755,Redbridge 005,E09000026,Redbridge,E12000007,London,40800,47100,35400,11700,41250
E02000756,Redbridge 006,E09000026,Redbridge,E12000007,London,42500,49000,36800,12200,42900
E02000757,Redbridge 007,E09000026,Redbridge,E12000007,London,45800,52900,39700,13200,46300
E02000758,Redbridge 008,E09000026,Redbridge,E12000007,London,41200,47700,35600,12100,41650
E02000759,Redbridge 009,E09000026,Redbridge,E12000007,London,44900,51800,38800,13000,45300
E02000760,Redbridge 010,E09000026,Redbridge,E12000007,London,40500,46800,35100,11700,40950
E02000762,Redbridge 012,E09000026,Redbridge,E12000007,London,42100,48700,36300,12400,42500
E02000763,Redbridge 013,E09000026,Redbridge,E12000007,London,41600,48200,35800,12400,42000
E02000764,Redbridge 014,E09000026,Redbridge,E12000007,London,44200,51100,38300,12800,44700
E02000765,Redbridge 015,E09000026,Redbridge,E12000007,London,43200,50200,37200,13000,43700
E02000767,Redbridge 017,E09000026,Redbridge,E12000007,London,43800,50600,37900,12700,44250
E02000768,Redbridge 018,E09000026,Redbridge,E12000007,London,50100,58000,43300,14700,50650
E02000769,Redbridge 019,E09000026,Redbridge,E12000007,London,39700,45800,34400,11400,40100
E02000770,Redbridge 020,E09000026,Redbridge,E12000007,London,40800,47200,35200,12000,41200
E02000772,Redbridge 022,E09000026,Redbridge,E12000007,London,38900,45000,33600,11400,39300
E02000773,Redbridge 023,E09000026,Redbridge,E12000007,London,43000,50100,37000,13100,43550
E02000774,Redbridge 024,E09000026,Redbridge,E12000007,London,40300,46800,34700,12100,40750
E02000776,Redbridge 026,E09000026,Redbridge,E12000007,London,43300,50100,37300,12800,43700
E02000777,Redbridge 027,E09000026,Redbridge,E12000007,London,47800,55500,41100,14400,48300
E02000779,Redbridge 029,E09000026,Redbridge,E12000007,London,36700,42500,31600,10900,37050
E02000780,Redbridge 030,E09000026,Redbridge,E12000007,London,38400,44400,33100,11300,38750
E02000781,Redbridge 031,E09000026,Redbridge,E12000007,London,40400,46800,34800,12000,40800
E02000782,Redbridge 032,E09000026,Redbridge,E12000007,London,36300,42200,31300,10900,36750
E02000783,Redbridge 033,E09000026,Redbridge,E12000007,London,35800,41800,30600,11200,36200
E02006800,Redbridge 034,E09000026,Redbridge,E12000007,London,38300,44300,33200,11100,38750
E02006924,Redbridge 035,E09000026,Redbridge,E12000007,London,40800,47300,35300,12000,41300
E02006925,Redbridge 036,E09000026,Redbridge,E12000007,London,43200,50200,37200,13000,43700
E02000784,Richmond upon Thames 001,E09000027,Richmond upon Thames,E12000007,London,52300,61500,44400,17100,52950
E02000785,Richmond upon Thames 002,E09000027,Richmond upon Thames,E12000007,London,54500,63300,46900,16400,55100
E02000786,Richmond upon Thames 003,E09000027,Richmond upon Thames,E12000007,London,52600,61100,45300,15800,53200
E02000787,Richmond upon Thames 004,E09000027,Richmond upon Thames,E12000007,London,53300,61800,46000,15800,53900
E02000788,Richmond upon Thames 005,E09000027,Richmond upon Thames,E12000007,London,53100,61700,45700,16000,53700
E02000789,Richmond upon Thames 006,E09000027,Richmond upon Thames,E12000007,London,53600,62400,46000,16400,54200
E02000790,Richmond upon Thames 007,E09000027,Richmond upon Thames,E12000007,London,56900,66000,49100,16900,57550
E02000791,Richmond upon Thames 008,E09000027,Richmond upon Thames,E12000007,London,57200,67300,48700,18600,58000
E02000792,Richmond upon Thames 009,E09000027,Richmond upon Thames,E12000007,London,55200,64300,47400,16900,55850
E02000793,Richmond upon Thames 010,E09000027,Richmond upon Thames,E12000007,London,45200,52100,39200,12900,45650
E02000794,Richmond upon Thames 011,E09000027,Richmond upon Thames,E12000007,London,53000,61300,45800,15500,53550
E02000795,Richmond upon Thames 012,E09000027,Richmond upon Thames,E12000007,London,55300,64600,47400,17200,56000
E02000796,Richmond upon Thames 013,E09000027,Richmond upon Thames,E12000007,London,43900,50700,38000,12700,44350
E02000797,Richmond upon Thames 014,E09000027,Richmond upon Thames,E12000007,London,51600,59800,44600,15200,52200
E02000798,Richmond upon Thames 015,E09000027,Richmond upon Thames,E12000007,London,46400,53600,40100,13500,46850
E02000799,Richmond upon Thames 016,E09000027,Richmond upon Thames,E12000007,London,52900,61600,45400,16200,53500
E02000800,Richmond upon Thames 017,E09000027,Richmond upon Thames,E12000007,London,47000,54400,40600,13800,47500
E02000801,Richmond upon Thames 018,E09000027,Richmond upon Thames,E12000007,London,50400,58300,43600,14700,50950
E02000802,Richmond upon Thames 019,E09000027,Richmond upon Thames,E12000007,London,46000,53200,39800,13400,46500
E02000803,Richmond upon Thames 020,E09000027,Richmond upon Thames,E12000007,London,40400,46600,35000,11600,40800
E02000804,Richmond upon Thames 021,E09000027,Richmond upon Thames,E12000007,London,46800,54100,40400,13700,47250
E02000805,Richmond upon Thames 022,E09000027,Richmond upon Thames,E12000007,London,47000,54400,40600,13800,47500
E02000806,Richmond upon Thames 023,E09000027,Richmond upon Thames,E12000007,London,46200,53300,40000,13300,46650
E02000840,Sutton 001,E09000029,Sutton,E12000007,London,33200,38500,28600,9900,33550
E02000841,Sutton 002,E09000029,Sutton,E12000007,London,33800,39300,29100,10200,34200
E02000842,Sutton 003,E09000029,Sutton,E12000007,London,41800,48400,36200,12200,42300
E02000843,Sutton 004,E09000029,Sutton,E12000007,London,40900,47300,35500,11800,41400
E02000844,Sutton 005,E09000029,Sutton,E12000007,London,38900,45000,33700,11300,39350
E02000845,Sutton 006,E09000029,Sutton,E12000007,London,45200,52100,39200,12900,45650
E02000846,Sutton 007,E09000029,Sutton,E12000007,London,44800,51800,38800,13000,45300
E02000847,Sutton 008,E09000029,Sutton,E12000007,London,39100,45300,33700,11600,39500
E02000848,Sutton 009,E09000029,Sutton,E12000007,London,42600,49300,36800,12500,43050
E02000849,Sutton 010,E09000029,Sutton,E12000007,London,39800,46000,34500,11500,40250
E02000850,Sutton 011,E09000029,Sutton,E12000007,London,40700,47000,35200,11800,41100
E02000851,Sutton 012,E09000029,Sutton,E12000007,London,37400,43200,32400,10800,37800
E02000852,Sutton 013,E09000029,Sutton,E12000007,London,42700,49200,37000,12200,43100
E02000853,Sutton 014,E09000029,Sutton,E12000007,London,40800,47100,35400,11700,41250
E02000854,Sutton 015,E09000029,Sutton,E12000007,London,42900,49500,37100,12400,43300
E02000855,Sutton 016,E09000029,Sutton,E12000007,London,41800,48300,36100,12200,42200
E02000856,Sutton 017,E09000029,Sutton,E12000007,London,40700,47100,35200,11900,41150
E02000857,Sutton 018,E09000029,Sutton,E12000007,London,39000,45000,33700,11300,39350
E02000858,Sutton 019,E09000029,Sutton,E12000007,London,34900,40500,30200,10300,35350
E02000859,Sutton 020,E09000029,Sutton,E12000007,London,38400,44500,33200,11300,38850
E02000860,Sutton 021,E09000029,Sutton,E12000007,London,36200,41900,31200,10700,36550
E02000861,Sutton 022,E09000029,Sutton,E12000007,London,48500,56200,41800,14400,49000
E02000863,Sutton 024,E09000029,Sutton,E12000007,London,43000,49800,37100,12700,43450
E02006836,Sutton 025,E09000029,Sutton,E12000007,London,38800,45600,33000,12600,39300
E02000895,Waltham Forest 001,E09000031,Waltham Forest,E12000007,London,39300,45500,34100,11400,39800
E02000896,Waltham Forest 002,E09000031,Waltham Forest,E12000007,London,42600,49200,37000,12200,43100
E02000897,Waltham Forest 003,E09000031,Waltham Forest,E12000007,London,39800,45900,34500,11400,40200
E02000898,Waltham Forest 004,E09000031,Waltham Forest,E12000007,London,39500,45600,34200,11400,39900
E02000899,Waltham Forest 005,E09000031,Waltham Forest,E12000007,London,43200,50100,37200,12900,43650
E02000900,Waltham Forest 006,E09000031,Waltham Forest,E12000007,London,41700,48300,36000,12300,42150
E02000901,Waltham Forest 007,E09000031,Waltham Forest,E12000007,London,46300,53400,40200,13200,46800
E02000902,Waltham Forest 008,E09000031,Waltham Forest,E12000007,London,40700,47000,35300,11700,41150
E02000903,Waltham Forest 009,E09000031,Waltham Forest,E12000007,London,37100,43000,31900,11100,37450
E02000904,Waltham Forest 010,E09000031,Waltham Forest,E12000007,London,42400,48900,36700,12200,42800
E02000905,Waltham Forest 011,E09000031,Waltham Forest,E12000007,London,41800,48500,36000,12500,42250
E02000906,Waltham Forest 012,E09000031,Waltham Forest,E12000007,London,37300,43500,32000,11500,37750
E02000907,Waltham Forest 013,E09000031,Waltham Forest,E12000007,London,36000,41600,31100,10500,36350
E02000908,Waltham Forest 014,E09000031,Waltham Forest,E12000007,London,36800,43000,31500,11500,37250
E02000909,Waltham Forest 015,E09000031,Waltham Forest,E12000007,London,44600,51500,38600,12900,45050
E02000910,Waltham Forest 016,E09000031,Waltham Forest,E12000007,London,40800,47200,35200,12000,41200
E02000911,Waltham Forest 017,E09000031,Waltham Forest,E12000007,London,38900,45200,33500,11700,39350
E02000912,Waltham Forest 018,E09000031,Waltham Forest,E12000007,London,40800,47200,35200,12000,41200
E02000913,Waltham Forest 019,E09000031,Waltham Forest,E12000007,London,43100,49700,37300,12400,43500
E02000914,Waltham Forest 020,E09000031,Waltham Forest,E12000007,London,37800,43700,32700,11000,38200
E02000915,Waltham Forest 021,E09000031,Waltham Forest,E12000007,London,43000,49900,37100,12800,43500
E02000916,Waltham Forest 022,E09000031,Waltham Forest,E12000007,London,38700,44900,33400,11500,39150
E02000917,Waltham Forest 023,E09000031,Waltham Forest,E12000007,London,41500,48300,35700,12600,42000
E02000918,Waltham Forest 024,E09000031,Waltham Forest,E12000007,London,42600,49200,36800,12400,43000
E02000919,Waltham Forest 025,E09000031,Waltham Forest,E12000007,London,39300,45700,33800,11900,39750
E02000920,Waltham Forest 026,E09000031,Waltham Forest,E12000007,London,36800,42700,31800,10900,37250
E02000921,Waltham Forest 027,E09000031,Waltham Forest,E12000007,London,35500,41100,30700,10400,35900
E02000922,Waltham Forest 028,E09000031,Waltham Forest,E12000007,London,36500,42900,31100,11800,37000
