Station,Zone,Postcode,Latitude,Longitude,Easting,Northing
Abbey Road,3,E15 3NB,51.531952,0.003723,539081,183352
Abbey Wood,4,SE2 9RH,51.490784,0.120272,547297,179002
Acton Central,2,W3 6BH,51.508757,-0.26343,520613,180299
Acton Main Line,3,W3 9EH,51.516886,-0.26769,520296,181196
Acton Town,3,W3 8HN,51.503071,-0.280303,519457,179639
Addington Village,"3,4,5,6",CR0 5AR,51.356239,-0.032665,537082,163744
Addiscombe,"3,4,5,6",CR0 7AA,51.379808,-0.073213,534190,166290
Albany Park,5,DA5 3HP,51.435816,0.126445,547903,172902
Aldgate,1,EC3N 1AH,51.514342,-0.075627,533629,181246
Aldgate East,1,E1 7PT,51.515082,-0.073001,533809,181333
Alexandra Palace,3,N22 7ST,51.598263,-0.120149,530300,190498
All Saints,2,E14 0EH,51.510477,-0.012625,538012,180933
Alperton,4,HA0 4LL,51.541209,-0.299516,518025,183849
Amersham,9,HP6 5AZ,51.674128,-0.606514,496454,198181
Ampere Way,"3,4,5,6",CR0 3JX,51.382299,-0.123637,530674,166476
Anerley,4,SE20 8PY,51.412517,-0.065137,534656,169942
Angel,1,N1 8XB,51.532968,-0.105581,531497,183263
Angel Road,4,N18 3AY,51.61242,-0.048733,535204,192202
Archway,"2,3",N19 5RQ,51.56549,-0.135122,529356,186827
Arena,"3,4,5,6",SE25 4RY,51.391523,-0.058319,535192,167620
Arnos Grove,4,N11 1AN,51.61623,-0.13427,529271,192471
Arsenal,2,N5 1LP,51.558541,-0.1055,531429,186107
Avenue Road,"3,4,5,6",BR3 4NJ,51.406798,-0.049447,535764,169335
Baker Street,1,NW1 5LA,51.523129,-0.156904,527965,182078
Balham,3,SW12 9SG,51.443182,-0.152685,528482,173195
Bank,1,EC3V 3LA,51.513347,-0.089,532704,181111
Banstead,6,SM7 1RB,51.329293,-0.213132,524590,160426
Barbican,1,EC1A 4JA,51.520215,-0.097722,532079,181859
Barking,4,IG11 8TU,51.539521,0.080832,544405,184343
Barking Riverside,4,IG11 0BF,51.519112,0.114769,546824,182141
Barkingside,4,IG6 1NB,51.585851,0.088477,544788,189510
Barnehurst,6,DA7 6HQ,51.464781,0.160948,550206,176193
Barnes,3,SW13 0LW,51.467127,-0.242033,522209,175705
Barnes Bridge,3,SW13 0NR,51.472228,-0.252363,521478,176255
Barons Court,2,W14 9DP,51.490228,-0.21343,524133,178322
Battersea Park,2,SW8 4NB,51.477318,-0.148124,528703,176999
Battersea Power Station,1,SW11 8AL,51.479496,-0.142001,529122,177252
Bayswater,1,W2 4QH,51.512111,-0.187902,525845,180799
Beckenham Hill,4,SE6 3NU,51.424626,-0.016496,538002,171379
Beckenham Junction,4,BR3 1HY,51.410942,-0.025702,537403,169840
Beckenham Road,"3,4,5,6",BR3 4RR,51.40953,-0.043392,536177,169650
Beckton,3,E6 5NT,51.514377,0.061525,543145,181509
Beckton Park,3,E6 5NE,51.508901,0.054822,542697,180887
Becontree,5,RM9 4TP,51.539586,0.12688,547598,184442
Beddington Lane,"3,4,5,6",CR0 4TF,51.38924,-0.142138,529367,167215
Belgrave Walk,"3,4,5,6",CR4 4NY,51.400961,-0.178496,526805,168455
Bellingham,3,SE6 3BT,51.433865,-0.020412,537702,172399
Belmont,5,SM2 6BH,51.34412,-0.199489,525500,162098
Belsize Park,2,NW3 2AL,51.550191,-0.163974,527399,185075
Belvedere,5,DA17 6JW,51.491959,0.152034,549498,179197
Bermondsey,2,SE16 4RX,51.497961,-0.06433,534461,179445
Berrylands,5,KT5 8LT,51.398768,-0.280321,519728,168040
Bethnal Green,2,E2 0ET,51.527192,-0.055392,534995,182712
Bethnal Green Rail,2,E2 6JL,51.524283,-0.060014,534683,182380
Bexley,6,DA5 1AQ,51.440815,0.148204,549399,173502
Bexleyheath,5,DA7 4AA,51.46355,0.133363,548294,176000
Bickley,5,BR1 2EB,51.40038,0.044304,542304,168799
Birkbeck,4,BR3 4TA,51.403863,-0.056286,535297,168996
Blackfriars,1,EC4V 4DD,51.511587,-0.102995,531738,180890
Blackheath,3,SE3 9LE,51.465408,0.008337,539604,175961
Blackhorse Lane,"3,4,5,6",CR0 6NL,51.384746,-0.070534,534362,166844
Blackhorse Road,3,E17 6JJ,51.585777,-0.039626,535914,189256
Blackwall,2,E14 9QB,51.507832,-0.007235,538394,180649
Bond Street,1,W1C 2HU,51.513797,-0.149614,528497,181053
Borough,1,SE1 1JX,51.501049,-0.094197,532379,179734
Boston Manor,4,TW8 9LQ,51.495765,-0.324747,516391,178755
Bounds Green,"3,4",N11 2EU,51.607032,-0.124177,529996,191466
Bow Church,2,E3 3AA,51.527615,-0.0205,537414,182824
Bow Road,2,E3 4DH,51.527042,-0.02436,537148,182753
Bowes Park,"3,4",N22 8NL,51.607249,-0.119792,530299,191498
Brent Cross,3,NW11 9UA,51.576599,-0.213336,523905,187927
Brent Cross West,3,NW2 6LW,51.568703,-0.226906,522986,187026
Brentford,4,TW8 9LF,51.487536,-0.309623,517462,177864
Brentwood,9,CM14 4EW,51.613611,0.299673,559321,193036
Brimsdown,5,EN3 7NA,51.655245,-0.031092,536297,196997
Brixton,2,SW9 8HE,51.462737,-0.114552,531076,175437
Brockley,2,SE4 2RW,51.46475,-0.037748,536405,175801
Bromley North,4,BR1 3NN,51.408942,0.017235,540395,169699
Bromley South,5,BR1 1LX,51.400001,0.01736,540431,168705
Bromley-by-Bow,"2,3",E3 3BT,51.52484,-0.011682,538034,182532
Brondesbury,2,NW6 7QL,51.545262,-0.202838,524718,184460
Brondesbury Park,2,NW6 6RP,51.540325,-0.210474,524202,183898
Broxbourne,9,EN10 7AW,51.747016,-0.011024,537407,207240
Bruce Grove,3,N17 8AD,51.594011,-0.070399,533758,190115
Buckhurst Hill,5,IG9 5ET,51.626577,0.046713,541768,193957
Burnham,,SL1 6JT,51.523504,-0.646388,494007,181378
Burnt Oak,4,HA8 0LA,51.602551,-0.264331,520303,190728
Bush Hill Park,5,EN1 1BA,51.641482,-0.06928,533696,195396
Bushey,8,WD19 4ST,51.645544,-0.384722,511860,195318
Caledonian Road,2,N7 9BA,51.547885,-0.118361,530568,184899
Caledonian Road and Barnsbury,2,N1 0SL,51.543284,-0.115205,530800,184393
Cambridge Heath,2,E2 7NA,51.53206,-0.057203,534855,183250
Camden Road,2,NW1 9LQ,51.541851,-0.139203,529140,184191
Camden Town,2,NW1 8NH,51.539969,-0.142452,528920,183976
Canada Water,2,SE16 7BB,51.498168,-0.050807,535399,179493
Canary Wharf,2,E14 4QS,51.503578,-0.019467,537558,180153
Canning Town,3,E16 1DQ,51.51387,0.008306,539454,181350
Cannon Street,1,EC4N 6AP,51.511362,-0.090251,532623,180888
Canonbury,2,N1 2PG,51.548188,-0.092574,532355,184979
Canons Park,5,HA8 6RN,51.60765,-0.294392,518208,191246
Carpenders Park,7,WD19 7DT,51.628186,-0.385829,511826,193386
Carshalton,5,SM5 2HT,51.368426,-0.166398,527737,164858
Carshalton Beeches,5,SM5 3LG,51.357387,-0.169496,527552,163625
Castle Bar Park,4,W7 1AY,51.522973,-0.331504,515853,181770
Caterham,6,CR3 6LB,51.282163,-0.078607,534099,155422
Catford,3,SE6 4XT,51.444265,-0.026538,537245,173544
Catford Bridge,3,SE6 4RE,51.444695,-0.024822,537363,173595
Centrale,"3,4,5,6",CR0 1XT,51.375767,-0.103888,532067,165785
Chadwell Heath,5,RM6 4BE,51.568047,0.128901,547646,187611
Chafford Hundred,7,RM16 6QQ,51.485555,0.287476,558922,178770
Chalfont and Latimer,8,HP7 9PR,51.667907,-0.561068,499610,197550
Chalk Farm,2,NW3 2BP,51.544149,-0.153733,528126,184421
Chancery Lane,1,WC1V 6DR,51.518494,-0.111962,531096,181642
Charing Cross,1,WC2N 5HS,51.508358,-0.124803,530234,180492
Charlton,3,SE7 7AB,51.486835,0.030942,541108,178387
Cheam,5,SM3 8RZ,51.35546,-0.214211,524444,163334
Chelsfield,6,BR6 6EU,51.356265,0.108984,546944,164021
Chesham,9,HP5 1DH,51.705379,-0.61143,496048,201650
Cheshunt,8,EN8 9AQ,51.702873,-0.023887,536652,202307
Chessington North,6,KT9 2RT,51.364243,-0.300476,518415,164168
Chessington South,6,KT9 2DD,51.356704,-0.307089,517974,163319
Chigwell,4,IG7 6NT,51.617858,0.076179,543835,193045
Chingford,5,E4 6AL,51.633253,0.009514,539173,194628
Chipstead,6,CR5 3TD,51.309275,-0.169446,527689,158275
Chislehurst,5,BR7 5NN,51.405599,0.057492,543205,169405
Chiswick,3,W4 2QE,51.480781,-0.267013,520438,177182
Chiswick Park,3,W4 5NE,51.49437,-0.267737,520352,178692
Chorleywood,7,WD3 5ND,51.654265,-0.518334,502596,196092
Church Street,"3,4,5,6",CR0 1RN,51.373706,-0.104347,532041,165555
City Thameslink,1,EC4M 7JH,51.513935,-0.103618,531688,181150
Clapham Common,2,SW4 7AJ,51.461803,-0.138315,529428,175291
Clapham High Street,2,SW4 6DQ,51.465469,-0.132465,529824,175709
Clapham Junction,2,SW11 2QP,51.464367,-0.170315,527198,175520
Clapham North,2,SW4 7TS,51.464916,-0.12991,530003,175652
Clapham South,"2,3",SW12 9DU,51.452676,-0.147984,528782,174259
Clapton,2,E5 9JP,51.561569,-0.057489,534748,186531
Clock House,4,BR3 4PR,51.40854,-0.040702,536367,169545
Cockfosters,5,EN4 0DZ,51.652024,-0.149917,528087,196424
Colindale,4,NW9 5HR,51.59523,-0.250288,521295,189937
Colliers Wood,3,SW19 2HR,51.418759,-0.177415,526831,170436
Coombe Lane,"3,4,5,6",CR0 5RF,51.359789,-0.059532,535201,164089
Coulsdon South,6,CR5 3EA,51.315801,-0.137903,529869,159056
Coulsdon Town,6,CR5 2JA,51.322453,-0.134347,530098,159802
Covent Garden,1,WC2E 9JT,51.51276,-0.124507,530242,180982
Crayford,6,DA1 3PY,51.448547,0.178503,551479,174424
Crews Hill,6,EN2 8AY,51.684474,-0.106844,530973,200109
Cricklewood,3,NW2 1HL,51.558422,-0.212548,524009,185907
Crofton Park,3,SE4 2RA,51.455179,-0.036547,536517,174739
Crossharbour and London Arena,2,E14 8AD,51.49584,-0.014933,537896,179301
Crouch Hill,3,N4 4AU,51.571327,-0.117133,530586,187508
Croxley,7,WD3 3DY,51.647005,-0.441604,507921,195395
Crystal Palace,"3,4",SE19 2AZ,51.41817,-0.072607,534120,170557
Cuffley,9,EN6 4HY,51.70872,-0.109783,530700,202800
Custom House,3,E16 3BX,51.509622,0.025773,540679,180911
Cutty Sark for Maritime Greenwich,2,SE10 9SW,51.481944,-0.010582,538240,177764
Cyprus,3,E6 5PH,51.508527,0.063841,543324,180863
Dagenham Dock,5,RM9 6RA,51.526287,0.145031,548900,183000
Dagenham East,5,RM10 8AA,51.544188,0.165833,550284,185033
Dagenham Heathway,5,RM9 5AN,51.541212,0.14768,549035,184665
Dalston Junction,2,E8 3DL,51.546094,-0.074994,533580,184778
Dalston Kingsland,2,E8 2JS,51.548668,-0.076227,533487,185062
Dartford,8,DA1 1BP,51.447369,0.219248,554314,174378
Debden,6,IG10 3TG,51.645492,0.083801,544275,196133
Denmark Hill,2,SE5 8BB,51.4682,-0.090988,532697,176087
Deptford,2,SE8 3NU,51.47889,-0.026196,537165,177395
Deptford Bridge,"2,3",SE10 8BU,51.474477,-0.022052,537466,176912
Devons Road,2,E3 3QX,51.522258,-0.018008,537603,182233
Dollis Hill,3,NW10 5NB,51.55185,-0.238798,522207,185132
Drayton Green,4,W13 0JX,51.516004,-0.329611,516002,180998
Drayton Park,2,N5 1NT,51.553078,-0.10577,531426,185499
Dundonald Road,"3,4,5,6",SW19 3QJ,51.417398,-0.207527,524741,170233
Ealing Broadway,3,W5 2NU,51.514861,-0.30201,517920,180915
Ealing Common,3,W5 3LD,51.510248,-0.287151,518963,180426
Earls Court,"1,2",SW5 9QA,51.491356,-0.194314,525457,178480
Earlsfield,3,SW18 4SW,51.442239,-0.187273,526081,173030
East Acton,2,W12 0BP,51.516263,-0.248112,521656,181159
East Croydon,5,CR0 1LF,51.375716,-0.091863,532904,165801
East Dulwich,2,SE22 8EF,51.461625,-0.080437,533449,175375
East Finchley,3,N2 0NW,51.587332,-0.164744,527242,189204
East Ham,"3,4",E6 2JA,51.539246,0.051516,542373,184255
East India,"2,3",E14 9PS,51.508684,-0.00237,538729,180753
East Putney,"2,3",SW15 6SN,51.458879,-0.210998,524387,174840
Eastcote,5,HA5 1QZ,51.576551,-0.396823,511191,187627
Eden Park,5,BR3 3HQ,51.390796,-0.02667,537396,167598
Edgware,5,HA8 7AW,51.614229,-0.275094,519527,192009
Edgware Road (Bakerloo),1,W2 1DY,51.520645,-0.17054,527026,181778
Edgware Road (Circle/District/Hammersmith and City),1,NW1 5DH,51.519998,-0.167668,527227,181711
Edmonton Green,4,N9 9DX,51.625116,-0.061639,534273,193590
Elephant and Castle,"1,2",SE1 6LW,51.495849,-0.100739,531940,179144
Elm Park,6,RM12 4RW,51.549125,0.197253,552446,185647
Elmers End,4,BR3 4EJ,51.398291,-0.049464,535788,168389
Elmstead Woods,4,BR7 5EW,51.417081,0.044229,542247,170656
Elstree and Borehamwood,6,WD6 3LS,51.652875,-0.279829,519098,196299
Eltham,4,SE9 6UB,51.455662,0.052329,542690,174962
Elverson Road,"2,3",SE8 4LA,51.468372,-0.016816,537848,176243
Embankment,1,WC2N 6NS,51.507312,-0.122367,530406,180380
Emerson Park,6,RM11 2JR,51.569115,0.220223,553971,187918
Enfield Chase,5,EN2 7AA,51.652722,-0.090704,532181,196607
Enfield Lock,6,EN3 6BW,51.670846,-0.028391,536437,198737
Enfield Town,5,EN1 1YB,51.65197,-0.07933,532970,196544
Epping,6,CM16 4HW,51.693686,0.113826,546197,201552
Epsom,9,KT19 8EW,51.334391,-0.268778,520700,160900
Epsom Downs,6,KT17 4JX,51.323659,-0.23897,522805,159756
Erith,6,DA8 1TY,51.481648,0.174261,551075,178096
Essex Road,2,N1 2SU,51.540633,-0.096366,532114,184132
Euston,1,NW1 2DU,51.528664,-0.133296,529587,182735
Euston Square,1,NW1 2BN,51.525468,-0.135344,529454,182376
Ewell East,6,KT17 1QR,51.345243,-0.241503,522571,162152
Ewell West,6,KT17 1TU,51.349991,-0.257089,521473,162654
Fairlop,4,IG6 3HD,51.59611,0.090593,544902,190655
Falconwood,4,SE9 2RN,51.459086,0.07851,544498,175394
Farringdon,1,EC1M 6BY,51.520196,-0.104843,531585,181844
Feltham,6,TW13 4BY,51.447879,-0.409824,510601,173298
Fenchurch Street,1,EC3M 4AJ,51.511567,-0.078554,533434,180932
Fieldway,"3,4,5,6",CR0 0QA,51.351317,-0.024503,537665,163212
Finchley Central,4,N3 2RY,51.600903,-0.193221,525232,190664
Finchley Road,2,NW6 3BS,51.547096,-0.180051,526293,184703
Finchley Road and Frognal,2,NW3 5HT,51.550119,-0.183651,526035,185033
Finsbury Park,2,N4 3JU,51.564635,-0.105881,531385,186784
Forest Gate,3,E7 0QH,51.549316,0.024189,540447,185322
Forest Hill,3,SE23 3HD,51.439308,-0.053329,535398,172943
Fulham Broadway,2,SW6 1BY,51.480261,-0.195544,525402,177244
Fulwell,6,TW2 5NY,51.433942,-0.349439,514832,171841
Gallions Reach,3,E6 6FZ,51.509034,0.071775,543873,180935
Gants Hill,4,IG2 6UD,51.576553,0.066084,543266,188432
George Street,"3,4,5,6",CRO 1LA,51.373966,-0.098718,532432,165594
Gidea Park,6,RM2 6BX,51.581866,0.205977,552941,189306
Gipsy Hill,3,SE19 1PL,51.424469,-0.083835,533321,171237
Gloucester Road,1,SW7 4SF,51.494499,-0.183544,526196,178848
Golders Green,3,NW11 7RN,51.572215,-0.194835,525199,187471
Goldhawk Road,2,W12 8EG,51.502077,-0.227404,523131,179616
Goodge Street,1,W1T 2HF,51.520613,-0.134808,529505,181837
Goodmayes,4,IG3 9UH,51.566181,0.11173,546462,187369
Gordon Hill,5,EN2 0QU,51.663502,-0.094473,531889,197799
Gospel Oak,2,NW5 1LT,51.555405,-0.151301,528263,185677
Grange Hill,4,IG7 5QB,51.613481,0.092273,544963,192590
Grange Park,5,N21 1RE,51.642623,-0.097314,531753,195472
Gravel Hill,"3,4,5,6",CR0 5BJ,51.354543,-0.043122,536359,163536
Great Portland Street,1,W1W 5PP,51.523789,-0.143961,528861,182174
Green Park,1,W1J 7BX,51.50676,-0.142478,529012,180283
Greenford,4,UB6 8PR,51.54198,-0.345879,514808,183861
Greenwich,"2,3",SE10 8JQ,51.477548,-0.014863,537956,177267
Grove Park,4,SE12 0PW,51.430433,0.022599,540702,172099
Gunnersbury,3,W4 5RP,51.491863,-0.275164,519843,178401
Hackbridge,4,SM6 7BJ,51.377861,-0.153879,528582,165929
Hackney Central,2,E8 1LL,51.547257,-0.05559,534922,184943
Hackney Downs,2,E8 1LA,51.549078,-0.060185,534598,185137
Hackney Wick,2,E9 5ER,51.543558,-0.02526,537036,184588
Hadley Wood,6,EN4 0EJ,51.668403,-0.176581,526197,198199
Haggerston,2,E8 4DY,51.538685,-0.075595,533560,183953
Hainault,4,IG6 3BD,51.602845,0.094109,545124,191411
Hammersmith (District),2,W6 9YA,51.491819,-0.222861,523474,178483
Hammersmith (Met.),2,W6 0ED,51.493483,-0.22464,523346,178665
Hampstead,2,NW3 1QG,51.556542,-0.178015,526408,185757
Hampstead Heath,3,NW3 2QD,51.5552,-0.164566,527344,185631
Hampton,6,TW12 2HU,51.415879,-0.372135,513299,169797
Hampton Court,6,KT8 9AE,51.402293,-0.342757,515376,168332
Hampton Wick,6,KT1 4DQ,51.41464,-0.313104,517407,169752
Hanger Lane,3,W5 1DL,51.530072,-0.292996,518506,182621
Hanwell,4,W7 3EB,51.512185,-0.338052,515426,180560
Harlesden,3,NW10 8UT,51.536258,-0.257496,520952,183367
Harold Wood,6,RM3 0BL,51.593203,0.234204,554858,190626
Harringay,3,N4 1RW,51.577358,-0.105208,531395,188200
Harringay Green Lanes,3,N4 2NU,51.577146,-0.098217,531880,188189
Harrington Road,"3,4,5,6",SE25 4NF,51.39979,-0.0607,535002,168535
Harrow and Wealdstone,5,HA3 7RF,51.592594,-0.334253,515486,189508
Harrow-on-the-Hill,5,HA1 1BB,51.579388,-0.337002,515329,188035
Hatch End,6,HA5 5LZ,51.609828,-0.369179,513024,191370
Hatton Cross,"5,6",TW6 3PF,51.466685,-0.423381,509614,175369
Haydons Road,3,SW19 8SL,51.425457,-0.188929,526012,171161
Hayes,5,BR2 7EN,51.375737,0.010143,540003,165993
Hayes and Harlington,5,UB3 4BX,51.503048,-0.420642,509717,179417
Headstone Lane,5,HA2 6NB,51.602499,-0.356908,513892,190574
Heathrow Terminal 4,6,TW6 3AA,51.45978,-0.44773,507939,174565
Heathrow Terminal 5,6,TW6 2GA,51.470025,-0.490647,504934,175642
Heathrow Terminals 1 2 3,6,TW6 1EB,51.471289,-0.452407,507587,175838
Hendon,"3,4",NW4 4PT,51.580075,-0.238631,522143,188271
Hendon Central,"3,4",NW4 3AS,51.583133,-0.226734,522959,188631
Herne Hill,"2,3",SE24 0JW,51.453991,-0.102563,531934,174486
Heron Quays,2,E14 4JH,51.503387,-0.021954,537386,180127
High Barnet,5,EN5 5RP,51.651688,-0.194165,525027,196310
High Street Kensington,1,W8 5SA,51.500729,-0.191566,525622,179527
Highams Park,4,E4 9LA,51.608356,-0.000135,538581,191841
Highbury and Islington,2,N1 1SE,51.546495,-0.104082,531562,184770
Highgate,3,N6 5BH,51.577646,-0.146935,528503,188158
Hillingdon,6,UB10 9NR,51.553777,-0.449898,507567,185015
Hither Green,3,SE13 5NF,51.452402,-0.000971,538997,174497
Holborn,1,WC2B 6AA,51.517236,-0.119841,530553,181488
Holland Park,2,W11 3RB,51.507146,-0.206558,524564,180215
Holloway Road,2,N7 8HS,51.552816,-0.112936,530930,185457
Homerton,2,E9 5SD,51.546595,-0.038512,536108,184901
Honor Oak Park,3,SE23 3LE,51.450648,-0.044153,536002,174221
Hornchurch,6,RM12 6LS,51.554355,0.218927,553931,186274
Hornsey,3,N8 8SE,51.586475,-0.111816,530911,189202
Hounslow,5,TW3 3DL,51.462504,-0.361796,513902,174998
Hounslow Central,4,TW3 1JG,51.470925,-0.365958,513592,175928
Hounslow East,4,TW3 4AB,51.473707,-0.355275,514327,176254
Hounslow West,5,TW3 3DH,51.473105,-0.385708,512215,176140
Hoxton,"1,2",E2 8HR,51.531391,-0.075586,533582,183142
Hyde Park Corner,1,SW1X 7LY,51.502584,-0.152474,528330,179801
Ickenham,6,UB10 8PD,51.560824,-0.44158,508127,185811
Ilford,4,IG1 4DU,51.559142,0.068685,543501,186501
Imperial Wharf,2,SW6 2HA,51.474939,-0.182838,526299,176674
Island Gardens,2,E14 3FA,51.48795,-0.010493,538228,178432
Isleworth,4,TW7 4BX,51.475037,-0.337329,515570,176430
Iver,,SL0 9AU,51.508501,-0.50674,503729,179898
Kenley,6,CR8 5JA,51.3246,-0.10122,532400,160100
Kennington,2,SE11 4JQ,51.488662,-0.105071,531660,178337
Kensal Green,2,NW10 5JT,51.530524,-0.224713,523241,182784
Kensal Rise,2,NW10 3NT,51.534215,-0.220821,523501,183201
Kensington (Olympia),2,W14 0NE,51.497879,-0.210379,524324,179178
Kent House,4,BR3 1JF,51.412718,-0.045816,535999,170000
Kentish Town,2,NW5 2AA,51.550009,-0.140471,529029,185096
Kentish Town West,2,NW5 3LD,51.546548,-0.146756,528603,184700
Kenton,4,HA3 0XS,51.581496,-0.315217,516833,188304
Kew Bridge,3,TW8 0EF,51.490004,-0.288846,518898,178172
Kew Gardens,"3,4",TW9 3PZ,51.476789,-0.285381,519173,176708
Kidbrooke,3,SE3 9NF,51.46269,0.0283,540999,175697
Kilburn,2,NW6 7QL,51.546944,-0.204633,524589,184644
Kilburn High Road,2,NW6 7QL,51.537267,-0.191113,525553,183591
Kilburn Park,2,NW6 5AD,51.535135,-0.193966,525361,183349
King George V,3,E16 2JF,51.502009,0.062206,543231,180135
King Henry's Drive,"3,4,5,6",CR0 0LH,51.345364,-0.020265,537978,162558
King's Cross,1,N1 9AL,51.530798,-0.122756,530312,182991
Kings Cross St. Pancras,1,N1 9AL,51.530312,-0.123872,530236,182935
Kingsbury,4,NW9 9EG,51.584876,-0.278602,519361,188739
Kingston,6,KT1 1UJ,51.412641,-0.301141,518244,169549
Kingswood,6,KT20 6EN,51.294723,-0.211233,524816,156585
Knightsbridge,1,SW3 1ED,51.501355,-0.160664,527765,179650
Knockholt,6,TN14 7HR,51.345752,0.130831,548499,162896
Ladbroke Grove,2,W10 6HJ,51.51721,-0.210198,524284,181328
Ladywell,3,SE13 7XB,51.456192,-0.019244,537716,174884
Lambeth North,1,SE1 7XG,51.49913,-0.111768,531165,179489
Lancaster Gate,1,W2 4QH,51.511891,-0.17543,526711,180796
Langdon Park,2,E14 6NW,51.518884,-0.015214,537807,181863
Langley,,SL3 6DB,51.508061,-0.541771,501299,179800
Latimer Road,2,W10 6SZ,51.513958,-0.21746,523789,180954
Lea Bridge,3,E10 7PG,51.566636,-0.036683,536175,187133
Lebanon Road,"3,4,5,6",CR0 6SF,51.375199,-0.084974,533385,165756
Lee,3,SE12 9JG,51.449459,0.013365,540002,174197
Leicester Square,1,WC2H 0AP,51.511291,-0.128242,529987,180812
Lewisham,"2,3",SE13 7RY,51.464881,-0.012433,538163,175863
Leyton,3,E10 5PS,51.558132,-0.006465,538295,186244
Leyton Midland Road,3,E10 6JT,51.569364,-0.008066,538150,187490
Leytonstone,"3,4",E11 1HE,51.568522,0.00914,539345,187429
Leytonstone High Road,3,E11 4RE,51.563807,0.008254,539298,186903
Limehouse,2,E14 7JD,51.512312,-0.03938,536150,181087
Liverpool Street,1,EC2M 7PR,51.517598,-0.08225,533160,181596
Lloyd Park,"3,4,5,6",CR0 5RA,51.364275,-0.080746,533711,164549
London Bridge,1,SE1 2SW,51.504674,-0.086006,532937,180152
London City Airport,3,E16 2DS,51.50369,0.047873,542231,180294
London Fields,2,E8 3PH,51.540719,-0.0577,534795,184212
Loughborough Junction,2,SW9 8SA,51.466679,-0.102497,531902,175897
Loughton,6,IG10 4PD,51.641571,0.055279,542314,195641
Lower Sydenham,4,SE26 5AU,51.424847,-0.03333,536831,171372
Maida Vale,2,W9 1JS,51.529995,-0.185433,525967,182792
Maidenhead,,SL6 1EW,51.518667,-0.722675,488724,180745
Malden Manor,4,KT3 5PN,51.384609,-0.26112,521101,166497
Manor House,"2,3",N4 1BZ,51.570747,-0.095685,532074,187482
Manor Park,"3,4",E12 5EP,51.552854,0.045724,541929,185757
Mansion House,1,EC4N 6JD,51.512092,-0.094198,532347,180962
Marble Arch,1,W1C 2JS,51.513965,-0.158571,527875,181056
Maryland,3,E15 1SA,51.545668,0.005682,539175,184881
Marylebone,1,NW1 6JJ,51.522396,-0.163493,527510,181985
Maze Hill,3,SE10 9XG,51.483014,0.003205,539194,177909
Meridian Water,4,N18 3HF,51.608312,-0.05096,535062,191741
Merton Park,"3,4,5,6",SW19 3HA,51.413391,-0.201342,525182,169798
Mile End,2,E3 4DH,51.525311,-0.032666,536577,182545
Mill Hill Broadway,4,NW7 2JU,51.612871,-0.249537,521300,191900
Mill Hill East,4,NW7 1BS,51.608316,-0.209896,524057,191460
Mitcham,"3,4,5,6",CR4 4BD,51.397488,-0.170872,527345,168082
Mitcham Eastfields,3,CR4 2ND,51.408384,-0.154002,528488,169323
Mitcham Junction,4,CR4 4HN,51.393042,-0.157437,528292,167611
Monument,1,EC4R 9AA,51.51063,-0.086188,532907,180814
Moor Park,"6,7",HA6 2JQ,51.62993,-0.432913,508563,193509
Moorgate,1,EC2M 6TX,51.518437,-0.089018,532688,181677
Morden,4,SM4 5AZ,51.402186,-0.194852,525664,168563
Morden Road,"3,4,5,6",SW19 3BX,51.408872,-0.192806,525788,169310
Morden South,4,SM4 5AN,51.396307,-0.200302,525301,167900
Mornington Crescent,2,NW1 2JA,51.534362,-0.138744,529193,183359
Mortlake,3,SW14 8LN,51.468168,-0.267203,520458,175779
Motspur Park,4,KT3 6JJ,51.395319,-0.23944,522581,167724
Mottingham,4,SE9 4EN,51.439825,0.050324,542600,173197
Mudchute,2,E14 9UW,51.491236,-0.01496,537908,178789
Neasden,3,NW10 1PH,51.554627,-0.250115,521415,185422
New Addington,"3,4,5,6",CR0 0DE,51.34259,-0.017383,538187,162255
New Barnet,5,EN5 1QT,51.648536,-0.17297,526502,195996
New Beckenham,4,BR3 1QW,51.416705,-0.035305,536718,170463
New Cross,2,SE14 6LD,51.476429,-0.032279,536750,177110
New Cross Gate,2,SE14 6AR,51.475265,-0.039529,536250,176967
New Eltham,4,SE9 2AB,51.437691,0.070445,544005,172999
New Malden,4,KT3 4PX,51.403555,-0.256218,521392,168612
New Southgate,4,N11 1QH,51.614093,-0.14301,528672,192218
Newbury Park,4,IG2 7RN,51.575639,0.090303,544947,188378
Nine Elms,1,SW8 2NA,51.480001,-0.128501,530058,177332
Norbiton,5,KT2 7AZ,51.411909,-0.2842,519424,169495
Norbury,3,SW16 3RW,51.411188,-0.122799,530650,169690
North Acton,"2,3",W3 6UP,51.523432,-0.25973,520831,181937
North Dulwich,"2,3",SE21 7BX,51.454482,-0.087919,532950,174567
North Ealing,3,W5 3AF,51.517622,-0.288994,518816,181243
North Greenwich,"2,3",SE10 0PH,51.500255,0.003586,539168,179827
North Harrow,5,HA2 7SR,51.584631,-0.362633,513540,188578
North Sheen,3,TW9 4QA,51.465419,-0.286397,519132,175442
North Wembley,4,HA0 3NT,51.562396,-0.303948,517663,186198
Northfields,3,W13 9QU,51.500491,-0.315065,517051,179296
Northolt,5,UB5 4AA,51.548212,-0.368441,513228,184519
Northolt Park,5,UB5 4XE,51.557618,-0.359434,513829,185579
Northumberland Park,3,N17 0HY,51.602016,-0.054132,534861,191035
Northwick Park,4,HA3 0AT,51.578508,-0.318199,516634,187967
Northwood,6,HA6 2XL,51.611213,-0.423838,509236,191441
Northwood Hills,6,HA6 1NZ,51.600802,-0.409311,510267,190305
Norwood Junction,4,SE25 5AG,51.396954,-0.07521,534001,168193
Notting Hill Gate,"1,2",W11 3HT,51.509375,-0.195922,525296,180481
Nunhead,2,SE15 3XE,51.46658,-0.05368,535293,175975
Oakleigh Park,4,EN5 1BU,51.637676,-0.166195,527001,194800
Oakwood,5,N14 4UT,51.647638,-0.131854,529349,195968
Ockendon,7,RM15 6PD,51.52199,0.290483,559004,182828
Old Street,1,EC1V 9NR,51.525581,-0.087623,532764,182474
Orpington,6,BR6 0SX,51.37352,0.089029,545500,165900
Osterley,4,TW7 4PU,51.481216,-0.352096,514529,177094
Oval,2,SE11 4PP,51.481412,-0.113321,531108,177516
Oxford Circus,1,W1C 2JS,51.515223,-0.140836,529102,181227
Paddington,1,W2 1RH,51.515394,-0.175737,526680,181185
Palmers Green,4,N13 4PN,51.618787,-0.110272,530925,192798
Park Royal,3,W5 3EL,51.526834,-0.284929,519074,182274
Parsons Green,2,SW6 4HU,51.47496,-0.201124,525029,176645
Peckham Rye,2,SE15 5DQ,51.469511,-0.069984,534152,176271
Penge East,4,SE20 7BQ,51.419975,-0.054495,535374,170791
Penge West,4,SE20 8NU,51.418063,-0.060646,534952,170567
Perivale,4,UB6 7NP,51.536341,-0.32307,516404,183270
Petts Wood,5,BR5 1LZ,51.388599,0.07448,544440,167548
Phipps Bridge,"3,4,5,6",CR4 3QN,51.403376,-0.182297,526534,168717
Piccadilly Circus,1,W1J 9HS,51.509697,-0.133712,529612,180625
Pimlico,1,SW1V 2JA,51.489553,-0.133108,529711,178386
Pinner,5,HA5 5LZ,51.592361,-0.381224,512233,189409
Plaistow,3,E13 0DY,51.531288,0.017781,540058,183305
Plumstead,4,SE18 7EA,51.489793,0.0843,544803,178820
Ponders End,5,EN3 4LA,51.642731,-0.034525,536097,195599
Pontoon Dock,3,E16 2SB,51.502216,0.033326,541226,180102
Poplar,2,E14 0DS,51.507588,-0.017275,537698,180603
Preston Road,4,HA3 0PS,51.572103,-0.294972,518260,187292
Prince Regent,3,E16 3HE,51.509435,0.033489,541215,180905
Pudding Mill Lane,"2,3",E15 2PH,51.534328,-0.012769,537930,183585
Purfleet,7,RM16 1PL,51.481173,0.236775,555417,178174
Purley,6,CR8 2AP,51.337363,-0.113614,531500,161497
Purley Oaks,6,CR2 0ND,51.346989,-0.098815,532503,162594
Putney,"2,3",SW15 1RT,51.460952,-0.216603,523992,175061
Putney Bridge,2,SW6 3UH,51.467865,-0.209365,524476,175842
Queens Park,2,NW6 6HJ,51.534312,-0.204798,524612,183239
Queens Road Peckham,2,SE15 2JR,51.474285,-0.057355,535015,176825
Queensbury,4,HA8 5NP,51.593883,-0.286332,518802,189728
Queenstown Road,2,SW8 3RX,51.474959,-0.147355,528763,176738
Queensway,1,W2 4SS,51.510449,-0.18742,525883,180615
Rainham,6,RM13 9YH,51.517341,0.190692,552097,182099
Ravensbourne,4,BR3 5HE,51.41387,-0.006938,538699,170201
Ravenscourt Park,2,W6 0UG,51.494068,-0.235969,522558,178711
Rayners Lane,5,HA5 5EG,51.575396,-0.371061,512979,187538
Raynes Park,4,SW20 8NE,51.409375,-0.229913,523206,169303
Reading,,RG1 1LZ,51.458785,-0.971878,471527,173813
Rectory Road,2,N16 7QB,51.558763,-0.068386,534001,186199
Redbridge,4,IG4 5BG,51.576367,0.045394,541833,188371
Reedham,6,CR8 2DG,51.331442,-0.123403,530835,160821
Reeves Corner,"3,4,5,6",CR0 1XP,51.375277,-0.10638,531895,165726
Regents Park,1,NW1 5HA,51.52381,-0.145344,528765,182174
Richmond,4,TW9 2AZ,51.463232,-0.301739,518072,175174
Rickmansworth,7,WD3 1QY,51.640322,-0.473685,505717,194605
Riddlesdown,6,CR8 1HN,51.332675,-0.099494,532497,161001
Roding Valley,4,IG9 6LN,51.616957,0.044026,541612,192882
Romford,6,RM1 1SX,51.574642,0.183055,551377,188455
Rotherhithe,2,SE16 4LF,51.501594,-0.052966,535239,179870
Royal Albert,3,E16 2QD,51.508494,0.045177,542029,180823
Royal Oak,2,W2 6ET,51.518294,-0.188824,525764,181485
Royal Victoria,3,E16 1DE,51.509055,0.017965,540139,180833
Ruislip,6,HA4 8LD,51.572161,-0.421235,509510,187102
Ruislip Gardens,5,HA4 6LG,51.55996,-0.409294,510367,185763
Ruislip Manor,6,HA4 9AA,51.573451,-0.412849,510088,187258
Russell Square,1,WC1N 1LG,51.523013,-0.12459,530207,182122
Sanderstead,6,CR2 0PL,51.348246,-0.093708,532855,162743
Sandilands,"3,4,5,6",CR0 5PN,51.375022,-0.078027,533869,165749
Selhurst,4,SE25 6LL,51.392186,-0.089899,532993,167636
Seven Kings,4,IG3 8RE,51.563994,0.09632,545401,187095
Seven Sisters,3,N15 5LA,51.583362,-0.072467,533646,188927
Shadwell,2,E1 2QE,51.5113,-0.056919,534936,180942
Shenfield,,CM15 8JD,51.630874,0.329952,561356,195022
Shepherds Bush,2,W12 8LH,51.504532,-0.218519,523741,179904
Shepherds Bush Market,2,W12 7JD,51.50588,-0.2274,523121,180039
Shoreditch High Street,1,E1 6AW,51.523467,-0.077087,533501,182258
Shortlands,4,BR2 0JA,51.405602,0.002768,539399,169300
Sidcup,5,DA15 7AW,51.434399,0.103315,546300,172698
Silver Street,4,N18 1QX,51.615242,-0.07259,533544,192472
Slade Green,6,DA8 2NX,51.467748,0.190518,552250,176584
Sloane Square,1,SW1W 8BB,51.49236,-0.156489,528080,178657
Slough,,SL1 1XW,51.511879,-0.591525,497838,180157
Snaresbrook,4,E11 1QE,51.580891,0.021464,540161,188828
South Acton,3,W3 0DS,51.499685,-0.270215,520166,179279
South Bermondsey,2,SE16 2PL,51.487677,-0.054755,535156,178319
South Croydon,5,CR2 7PA,51.36275,-0.092517,532896,164358
South Ealing,3,W5 4QB,51.501644,-0.30704,517605,179437
South Greenford,4,UB6 2WE,51.534027,-0.336737,515462,182991
South Hampstead,2,NW8 0DJ,51.541477,-0.178371,526425,184081
South Harrow,5,HA2 8HN,51.56468,-0.351894,514334,186376
South Kensington,1,SW7 2NB,51.494071,-0.173923,526865,178817
South Kenton,4,HA9 8QT,51.571044,-0.308143,517350,187153
South Merton,4,SW20 9JT,51.40324,-0.20555,524917,168662
South Quay,2,E14 9SH,51.500864,-0.018461,537636,179853
South Ruislip,5,HA4 6TP,51.55689,-0.399116,511080,185437
South Tottenham,3,N15 6ND,51.580402,-0.071856,533697,188599
South Wimbledon,"3,4",SW19 1DE,51.41536,-0.191975,525828,170033
South Woodford,4,E18 1JJ,51.591553,0.027943,540577,190026
Southall,4,UB2 4AA,51.505956,-0.378711,512620,179804
Southbury,5,EN3 4HW,51.648434,-0.052983,534803,196199
Southfields,3,SW18 5RJ,51.444883,-0.206609,524730,173291
Southgate,4,N14 5BH,51.632376,-0.12777,529675,194278
Southwark,1,SE1 8NW,51.503853,-0.105795,531566,180025
St Helier,4,SM4 6SF,51.389912,-0.199015,525408,167191
St James Street,3,E17 7PJ,51.580609,-0.032805,536402,188694
St Johns,2,SE8 4EW,51.468975,-0.023241,537400,176298
St Margarets,4,TW1 2LH,51.455205,-0.321324,516732,174250
St Mary Cray,6,BR5 3SN,51.39476,0.107218,546698,168298
St Pancras,1,NW1 2QP,51.530554,-0.125506,530122,182959
St. James's Park,1,SW1H 0BD,51.49961,-0.133879,529629,179503
St. Johns Wood,2,NW8 6DN,51.534854,-0.174065,526742,183352
St. Pauls,1,EC2V 6AA,51.514835,-0.097571,532105,181261
Stamford Brook,2,W6 0SB,51.49445,-0.245246,521913,178738
Stamford Hill,3,N16 5AG,51.574447,-0.076668,533381,187928
Stanmore,5,HA7 4PD,51.619673,-0.303099,517574,192569
Star Lane,3,E16 4SR,51.520604,0.004191,539148,182091
Stepney Green,2,E1 4AQ,51.521996,-0.047383,535566,182149
Stockwell,2,SW9 9AE,51.472159,-0.122846,530473,176470
Stoke Newington,2,N16 6YA,51.564637,-0.072335,533710,186845
Stonebridge Park,3,NW10 0RW,51.543986,-0.2754,519690,184197
Stoneleigh,5,KT17 2JA,51.363364,-0.24871,522021,164155
Stratford,3,E15 1AZ,51.541693,-0.003752,538533,184421
Stratford High Street,3,E15 3PA,51.538149,-0.00108,538729,184032
Stratford International,3,E15 2LZ,51.544809,-0.008778,538175,184758
Strawberry Hill,5,TW1 4PP,51.439747,-0.339618,515500,172502
Streatham,3,SW16 6HP,51.425846,-0.132325,529946,171303
Streatham Common,3,SW16 5NT,51.418984,-0.135726,529729,170534
Streatham Hill,3,SW2 4PA,51.43846,-0.127681,530233,172714
Sudbury and Harrow Road,4,HA0 2HA,51.554493,-0.315926,516853,185300
Sudbury Hill,4,HA1 3RA,51.557339,-0.336392,515427,185584
Sudbury Hill Harrow,4,HA1 3RJ,51.558342,-0.335447,515490,185697
Sudbury Town,4,HA0 2LA,51.551397,-0.316343,516832,184955
Sundridge Park,4,BR1 3TR,51.413394,0.020365,540599,170200
Surbiton,6,KT6 4PE,51.392599,-0.304385,518070,167315
Surrey Quays,2,SE16 2UE,51.493267,-0.04753,535641,178954
Sutton,5,SM1 1JA,51.359506,-0.191302,526028,163823
Sutton Common,4,SM1 3HY,51.375554,-0.19692,525593,165598
Swanley,8,BR8 8JD,51.393385,0.169225,551016,168271
Swiss Cottage,2,NW3 6HY,51.543035,-0.175627,526611,184259
Sydenham,3,SE26 5EU,51.427341,-0.055089,535311,171609
Sydenham Hill,3,SE21 7HW,51.432576,-0.08023,533548,172145
Syon Lane,4,TW7 5NT,51.481474,-0.326495,516306,177163
Tadworth,6,KT20 5SP,51.291627,-0.236008,523097,156199
Taplow,,SL6 0NU,51.523561,-0.681385,491579,181340
Tattenham Corner,6,KT18 5PR,51.309181,-0.242566,522593,158140
Teddington,6,TW11 9AA,51.424497,-0.332705,516019,170817
Temple,1,WC2R 2PH,51.51104,-0.113726,530995,180810
Thames Ditton,6,KT7 0PA,51.388616,-0.338293,515721,166818
Theobalds Grove,7,EN8 7BG,51.692373,-0.034748,535933,201119
Therapia Lane,"3,4,5,6",CR0 3DD,51.385686,-0.129017,530290,166843
Theydon Bois,6,CM16 7EU,51.672552,0.102891,545509,199180
Thornton Heath,4,CR7 8RX,51.398481,-0.100433,532242,168317
Tolworth,5,KT5 9NU,51.376843,-0.27962,519834,165603
Tooting,3,SW17 9JR,51.419896,-0.161002,527969,170591
Tooting Bec,3,SW17 9AH,51.435838,-0.1597,528015,172366
Tooting Broadway,3,SW17 0SU,51.427049,-0.168685,527415,171373
Tottenham Court Road,1,W1D 2DA,51.516211,-0.13111,529774,181354
Tottenham Hale,3,N17 9LR,51.587998,-0.060188,534483,189465
Totteridge and Whetstone,4,N20 9QP,51.630246,-0.179354,526111,193951
Tower Gateway,1,EC3N 1JL,51.510393,-0.07441,533725,180809
Tower Hill,1,EC3N 4DJ,51.510394,-0.076701,533566,180805
Tufnell Park,2,N19 5QB,51.556441,-0.137742,529200,185816
Tulse Hill,3,SE27 9BW,51.439797,-0.105123,531797,172903
Turkey Street,6,EN3 5TT,51.672654,-0.04723,535129,198903
Turnham Green,2,W4 1LR,51.495182,-0.254525,521267,178804
Turnpike Lane,3,N15 3NX,51.590358,-0.102805,531524,189650
Twickenham,5,TW1 1BD,51.45025,-0.32886,516221,173687
Twyford,,RG10 9NA,51.475533,-0.863307,479041,175787
Upminster,6,RM14 2TD,51.558764,0.251401,556167,186833
Upminster Bridge,6,RM12 6PL,51.557719,0.234542,555002,186681
Upney,4,IG11 9LS,51.538406,0.101532,545844,184260
Upper Holloway,2,N19 4DJ,51.563623,-0.129109,529778,186630
Upper Warlingham,6,CR3 0EP,51.308772,-0.077482,534100,158383
Upton Park,3,E13 9AP,51.536628,0.034542,541204,183931
Uxbridge,6,UB8 1JZ,51.546454,-0.477102,505698,184161
Vauxhall,"1,2",SW8 1SR,51.485736,-0.12383,530366,177978
Victoria,1,SW1E 5JX,51.496424,-0.143921,528941,179131
Waddon,5,CR0 4NA,51.367379,-0.117394,531151,164828
Waddon Marsh,"3,4,5,6",CR0 4XT,51.377083,-0.117987,531082,165906
Wallington,5,SM6 0DZ,51.360331,-0.150864,528841,163985
Waltham Cross,7,EN8 7LU,51.685257,-0.026564,536520,200343
Walthamstow Central,3,E17 7LP,51.583018,-0.019941,537286,188986
Walthamstow Queens Road,3,E17 7QZ,51.581546,-0.023844,537020,188815
Wandle Park,"3,4,5,6",CR0 4JS,51.373401,-0.113253,531422,165505
Wandsworth Common,3,SW12 8NL,51.446365,-0.163537,527719,173530
Wandsworth Road,2,SW8 4PA,51.470223,-0.139038,529354,176226
Wandsworth Town,2,SW18 1SU,51.461034,-0.18791,525985,175119
Wanstead,4,E11 2NT,51.574902,0.02876,540685,188176
Wanstead Park,3,E7 0HU,51.551778,0.02639,540592,185600
Wapping,2,E1W 3PA,51.50434,-0.055861,535030,180170
Warren Street,1,NW1 3AA,51.52458,-0.138278,529253,182272
Warwick Avenue,2,W9 2PT,51.523104,-0.182953,526158,182030
Waterloo,1,SE1 7NY,51.503146,-0.113259,531050,179933
Waterloo East,1,SE1 8NH,51.504168,-0.109154,531332,180054
Watford,7,WD18 7LE,51.657604,-0.41727,509579,196610
Watford High Street,8,WD17 2EG,51.652653,-0.391697,511360,196098
Watford Junction,,WD17 1ET,51.663882,-0.396172,511023,197340
Wellesley Road,"3,4,5,6",CR0 2DD,51.375367,-0.097525,532511,165752
Welling,4,DA16 3AT,51.464777,0.101775,546096,176073
Wembley Central,4,HA9 6AG,51.551864,-0.296392,518214,185039
Wembley Park,4,HA9 9AA,51.563322,-0.279243,519373,186341
Wembley Stadium,4,HA9 8BQ,51.554654,-0.286046,518924,185366
West Acton,3,W3 6UP,51.51777,-0.280657,519394,181273
West Brompton,2,SW5 9JX,51.487329,-0.195539,525383,178030
West Croydon,5,CR0 2TA,51.378552,-0.102034,532188,166098
West Drayton,6,UB7 9DY,51.51007,-0.472176,506124,180122
West Dulwich,3,SE21 8HN,51.440912,-0.090673,532798,173053
West Ealing,3,W13 0NQ,51.513625,-0.319783,516690,180749
West Finchley,4,N3 1NT,51.609262,-0.188917,525507,191601
West Ham,3,E15 3BN,51.528526,0.005317,539202,182974
West Hampstead,2,NW6 2LX,51.547474,-0.191127,525524,184726
West Hampstead Thameslink,2,NW6 1XJ,51.548629,-0.192538,525423,184852
West Harrow,5,HA1 4HE,51.578924,-0.353847,514163,187957
West India Quay,2,E14 4ED,51.506763,-0.020582,537471,180505
West Kensington,2,W14 9NL,51.490109,-0.206204,524635,178321
West Norwood,3,SE27 0HS,51.431241,-0.103189,531956,171955
West Ruislip,6,HA4 7WD,51.569587,-0.43786,508364,186791
West Silvertown,3,E16 2AT,51.502884,0.022246,540455,180155
West Sutton,5,SM1 2EH,51.36615,-0.204645,525081,164539
West Wickham,5,BR4 0PY,51.381284,-0.014576,538266,166563
Westbourne Park,2,W11 1AB,51.520989,-0.200883,524920,181764
Westcombe Park,3,SE3 7EQ,51.484509,0.017746,540199,178103
Westferry,2,E14 8AD,51.509638,-0.026323,537064,180814
Westminster,1,SW1A 2JR,51.501401,-0.125002,530240,179718
White City,2,W12 7RH,51.512232,-0.224632,523296,180750
White Hart Lane,3,N17 7RP,51.605035,-0.07087,533693,191340
Whitechapel,2,E1 1BY,51.519588,-0.05942,534738,181859
Whitton,5,TW2 7LG,51.449588,-0.357682,514220,173568
Whyteleafe,6,CR3 0AD,51.309929,-0.081135,533842,158505
Whyteleafe South,6,CR3 0BD,51.30349,-0.076713,534169,157797
Willesden Green,"2,3",NW2 4QT,51.549373,-0.222408,523350,184884
Willesden Junction,3,NW10 4RA,51.532234,-0.243909,521905,182942
Wimbledon,3,SW19 1PS,51.421108,-0.206663,524791,170647
Wimbledon Chase,3,SW20 8DB,51.409531,-0.21409,524306,169347
Wimbledon Park,3,SW19 7DZ,51.434581,-0.199186,525274,172158
Winchmore Hill,4,N21 3NG,51.633887,-0.100917,531529,194494
Wood Green,3,N22 8HH,51.597454,-0.109527,531038,190427
Wood Lane,2,W12 7DS,51.509658,-0.224473,523314,180464
Wood Street,4,E17 3NZ,51.58667,-0.001954,538521,189426
Woodford,4,IG8 7QE,51.607202,0.034056,540952,191778
Woodgrange Park,"3,4",E7 8AA,51.549053,0.044572,541861,185332
Woodmansterne,6,CR5 3HS,51.319018,-0.154262,528720,159385
Woodside,"3,4,5,6",SE25 5DP,51.387098,-0.065347,534716,167115
Woodside Park,4,N12 8SE,51.617868,-0.185426,525725,192564
Woolwich,4,SE18 6EU,51.491578,0.071819,543931,178994
Woolwich Arsenal,4,SE18 6HX,51.489907,0.069194,543754,178803
Woolwich Dockyard,3,SE18 5JY,51.491108,0.054612,542738,178908
Worcester Park,4,KT4 7ND,51.381104,-0.245575,522192,166133